cn2_cardart\adrianacaptainoftheguard.jpg,10771,0,0,0,0,93,0,0,0,0,0,0,0,0,0,0,0,0,0,0,15,0,0,0,0,79,0,0,0,0,6,0,0,0,0,0,0,0,0,0,0,0,0,0,0,0,0,0,0,0,0,0,0,0,0,0,0,0,0,0,0,0,0,0,0,0,0,0,0,0,0,0,0,0,0,0,0,0,0,0,3747,0,0,0,0,118,0,0,0,0,0,0,0,0,0,0,0,0,0,0,702,0,0,0,0,4568,0,0,0,0,150,0,0,0,0,0,0,0,0,0,0,0,0,0,0,6,0,0,0,0,687,0,0,0,0,1535,0,0,0,0,0,0,0,0,0,0,0,0,0,0,0,0,0,0,0,4,0,0,0,0,202,0,0,0,0,1,0,0,0,0,0,0,0,0,0,0,0,0,0,0,283,0,0,0,0,814,0,0,0,0,61,0,0,0,0,0,0,0,0,0,0,0,0,0,0,404,0,0,0,0,3564,0,0,0,0,4007,0,0,0,0,0,0,0,0,0,0,0,0,0,0,13,0,0,0,0,1383,0,0,0,0,4,0,0,0,0,0,0,0,0,0,0,0,0,0,0,0,0,0,0,0,25,0,0,0,0,60,0,0,0,0,0,0,0,0,0,0,0,0,0,0,0,0,0,0,0,80,0,0,0,0,506,0,0,0,0,26,0,0,0,0,0,0,0,0,0,0,0,0,0,0,523,0,0,0,0,2299,0,0,0,0
cn2_cardart\akroanhoplite.jpg,8232,0,0,0,0,52,0,0,0,0,0,0,0,0,0,0,0,0,0,0,1,0,0,0,0,0,0,0,0,0,0,0,0,0,0,0,0,0,0,0,0,0,0,0,0,0,0,0,0,0,0,0,0,0,0,0,0,0,0,0,0,0,0,0,0,0,0,0,0,0,0,0,0,0,0,0,0,0,0,0,2881,0,0,0,0,132,0,0,0,0,0,0,0,0,0,0,0,0,0,0,894,0,0,0,0,2740,0,0,0,0,0,0,0,0,0,0,0,0,0,0,0,0,0,0,0,0,0,0,0,0,3,0,0,0,0,0,0,0,0,0,0,0,0,0,0,0,0,0,0,0,0,0,0,0,0,0,0,0,0,0,167,0,0,0,0,0,0,0,0,0,0,0,0,0,0,0,0,0,0,0,611,0,0,0,0,4443,0,0,0,0,68,0,0,0,0,0,0,0,0,0,0,0,0,0,0,1773,0,0,0,0,5053,0,0,0,0,2,0,0,0,0,0,0,0,0,0,0,0,0,0,0,13,0,0,0,0,4,0,0,0,0,0,0,0,0,0,0,0,0,0,0,0,0,0,0,0,0,0,0,0,0,0,0,0,0,0,227,0,0,0,0,0,0,0,0,0,0,0,0,0,0,0,0,0,0,0,188,0,0,0,0,2803,0,0,0,0,0,0,0,0,0,0,0,0,0,0,0,0,0,0,0,1663,0,0,0,0,4786,0,0,0,0
cn2_cardart\animusofpredation.jpg,8277,0,0,0,0,2286,0,0,0,0,0,0,0,0,0,0,0,0,0,0,806,0,0,0,0,5748,0,0,0,0,1210,0,0,0,0,0,0,0,0,0,0,0,0,0,0,4,0,0,0,0,53,0,0,0,0,0,0,0,0,0,0,0,0,0,0,0,0,0,0,0,0,0,0,0,0,0,0,0,0,0,150,0,0,0,0,50,0,0,0,0,0,0,0,0,0,0,0,0,0,0,253,0,0,0,0,2026,0,0,0,0,528,0,0,0,0,0,0,0,0,0,1,0,0,0,0,801,0,0,0,0,2619,0,0,0,0,3134,0,0,0,0,0,0,0,0,0,1,0,0,0,0,30,0,0,0,0,919,0,0,0,0,8,0,0,0,0,1,0,0,0,0,0,0,0,0,0,0,0,0,0,0,17,0,0,0,0,401,0,0,0,0,1,0,0,0,0,0,0,0,0,0,0,0,0,0,0,368,0,0,0,0,1601,0,0,0,0,65,0,0,0,0,0,0,0,0,0,165,0,0,0,0,658,0,0,0,0,1504,0,0,0,0,0,0,0,0,0,0,0,0,0,0,0,0,0,0,0,0,0,0,0,0,0,0,0,0,0,10,0,0,0,0,0,0,0,0,0,0,0,0,0,0,0,0,0,0,0,25,0,0,0,0,485,0,0,0,0,4,0,0,0,0,0,0,0,0,0,0,0,0,0,0,130,0,0,0,0,2397,0,0,0,0
cn2_cardart\ascendedlawmage.jpg,1130,0,0,0,0,2795,0,0,0,0,53,0,0,0,0,0,0,0,0,0,8,0,0,0,0,2754,0,0,0,0,2982,0,0,0,0,15,0,0,0,0,0,0,0,0,0,2,0,0,0,0,610,0,0,0,0,416,0,0,0,0,0,0,0,0,0,0,0,0,0,0,0,0,0,0,0,50,0,0,0,0,144,0,0,0,0,202,0,0,0,0,1,0,0,0,0,0,0,0,0,0,51,0,0,0,0,3086,0,0,0,0,2820,0,0,0,0,13,0,0,0,0,0,0,0,0,0,53,0,0,0,0,3021,0,0,0,0,1671,0,0,0,0,0,0,0,0,0,0,0,0,0,0,1,0,0,0,0,481,0,0,0,0,0,0,0,0,0,0,0,0,0,0,0,0,0,0,0,0,0,0,0,0,0,0,0,0,0,878,0,0,0,0,216,0,0,0,0,0,0,0,0,0,0,0,0,0,0,255,0,0,0,0,4324,0,0,0,0,1800,0,0,0,0,0,0,0,0,0,0,0,0,0,0,71,0,0,0,0,2634,0,0,0,0,0,0,0,0,0,0,0,0,0,0,0,0,0,0,0,0,0,0,0,0,0,0,0,0,0,0,0,0,0,0,0,0,0,0,0,0,0,0,0,0,0,0,0,0,0,0,0,0,0,0,891,0,0,0,0,104,0,0,0,0,0,0,0,0,0,0,0,0,0,0,560,0,0,0,0,2644,0,0,0,0
cn2_cardart\beastwithin.jpg,10118,0,0,0,0,7,0,0,0,0,0,0,0,0,0,0,0,0,0,0,5100,0,0,0,0,3322,0,0,0,0,0,0,0,0,0,0,0,0,0,0,0,0,0,0,0,623,0,0,0,0,47,0,0,0,0,0,0,0,0,0,0,0,0,0,0,0,0,0,0,0,0,0,0,0,0,0,0,0,0,0,730,0,0,0,0,1,0,0,0,0,0,0,0,0,0,0,0,0,0,0,2267,0,0,0,0,2080,0,0,0,0,1,0,0,0,0,0,0,0,0,0,166,0,0,0,0,2228,0,0,0,0,2139,0,0,0,0,0,0,0,0,0,0,0,0,0,0,2,0,0,0,0,62,0,0,0,0,1,0,0,0,0,5,0,0,0,0,0,0,0,0,0,0,0,0,0,0,0,0,0,0,0,432,0,0,0,0,371,0,0,0,0,1,0,0,0,0,0,0,0,0,0,541,0,0,0,0,2238,0,0,0,0,1485,0,0,0,0,1,0,0,0,0,26,0,0,0,0,224,0,0,0,0,722,0,0,0,0,16,0,0,0,0,0,0,0,0,0,0,0,0,0,0,0,0,0,0,0,0,0,0,0,0,0,0,0,0,0,12,0,0,0,0,0,0,0,0,0,0,0,0,0,0,10,0,0,0,0,365,0,0,0,0,240,0,0,0,0,0,0,0,0,0,6,0,0,0,0,222,0,0,0,0,804,0,0,0,0,121,0,0,0,0
cn2_cardart\berserk.jpg,6965,0,0,0,0,896,0,0,0,0,0,0,0,0,0,0,0,0,0,0,3422,0,0,0,0,2859,0,0,0,0,13,0,0,0,0,0,0,0,0,0,46,0,0,0,0,194,0,0,0,0,308,0,0,0,0,0,0,0,0,0,0,0,0,0,0,0,0,0,0,0,0,0,0,0,0,0,0,0,0,0,2298,0,0,0,0,101,0,0,0,0,0,0,0,0,0,0,0,0,0,0,3009,0,0,0,0,3274,0,0,0,0,83,0,0,0,0,0,0,0,0,0,874,0,0,0,0,1682,0,0,0,0,123,0,0,0,0,2,0,0,0,0,5,0,0,0,0,249,0,0,0,0,7,0,0,0,0,22,0,0,0,0,5,0,0,0,0,0,0,0,0,0,0,0,0,0,0,0,0,0,0,0,875,0,0,0,0,1150,0,0,0,0,39,0,0,0,0,0,0,0,0,0,792,0,0,0,0,1566,0,0,0,0,63,0,0,0,0,5,0,0,0,0,701,0,0,0,0,1601,0,0,0,0,5,0,0,0,0,69,0,0,0,0,0,0,0,0,0,0,0,0,0,0,0,0,0,0,0,0,0,0,0,0,0,0,0,0,0,2,0,0,0,0,0,0,0,0,0,0,0,0,0,0,13,0,0,0,0,820,0,0,0,0,266,0,0,0,0,0,0,0,0,0,239,0,0,0,0,2000,0,0,0,0,90,0,0,0,0,3,0,0,0,0
cn2_cardart\besmirch.jpg,9002,0,0,0,0,6,0,0,0,0,0,0,0,0,0,0,0,0,0,0,435,0,0,0,0,27,0,0,0,0,2,0,0,0,0,0,0,0,0,0,0,0,0,0,0,0,0,0,0,0,2,0,0,0,0,0,0,0,0,0,0,0,0,0,0,0,0,0,0,0,0,0,0,0,0,0,0,0,0,0,2195,0,0,0,0,0,0,0,0,0,0,0,0,0,0,0,0,0,0,0,2961,0,0,0,0,1342,0,0,0,0,7,0,0,0,0,0,0,0,0,0,136,0,0,0,0,65,0,0,0,0,359,0,0,0,0,4,0,0,0,0,0,0,0,0,0,0,0,0,0,0,13,0,0,0,0,13,0,0,0,0,272,0,0,0,0,7,0,0,0,0,0,0,0,0,0,0,0,0,0,0,1153,0,0,0,0,2118,0,0,0,0,3,0,0,0,0,0,0,0,0,0,78,0,0,0,0,2380,0,0,0,0,1938,0,0,0,0,97,0,0,0,0,0,0,0,0,0,56,0,0,0,0,49,0,0,0,0,1011,0,0,0,0,29,0,0,0,0,0,0,0,0,0,0,0,0,0,0,0,0,0,0,0,74,0,0,0,0,285,0,0,0,0,11,0,0,0,0,0,0,0,0,0,45,0,0,0,0,1145,0,0,0,0,1930,0,0,0,0,88,0,0,0,0,0,0,0,0,0,78,0,0,0,0,923,0,0,0,0,6397,0,0,0,0
cn2_cardart\birdsofparadise.jpg,9296,0,0,0,0,112,0,0,0,0,0,0,0,0,0,0,0,0,0,0,20,0,0,0,0,9,0,0,0,0,0,0,0,0,0,0,0,0,0,0,0,0,0,0,0,0,0,0,0,0,0,0,0,0,0,0,0,0,0,0,0,0,0,0,0,0,0,0,0,0,0,0,0,0,0,0,0,0,0,0,2031,0,0,0,0,205,0,0,0,0,0,0,0,0,0,0,0,0,0,0,2158,0,0,0,0,4197,0,0,0,0,6,0,0,0,0,0,0,0,0,0,0,0,0,0,0,0,0,0,0,0,1,0,0,0,0,0,0,0,0,0,0,0,0,0,0,0,0,0,0,0,0,0,0,0,0,0,0,0,0,0,2,0,0,0,0,0,0,0,0,0,0,0,0,0,0,0,0,0,0,0,581,0,0,0,0,2270,0,0,0,0,33,0,0,0,0,0,0,0,0,0,96,0,0,0,0,2671,0,0,0,0,735,0,0,0,0,174,0,0,0,0,0,0,0,0,0,0,0,0,0,0,0,0,0,0,0,1,0,0,0,0,0,0,0,0,0,0,0,0,0,0,0,0,0,0,0,0,0,0,0,0,44,0,0,0,0,13,0,0,0,0,102,0,0,0,0,15,0,0,0,0,248,0,0,0,0,1799,0,0,0,0,1897,0,0,0,0,1749,0,0,0,0,67,0,0,0,0,1279,0,0,0,0,2834,0,0,0,0,2091,0,0,0,0
cn2_cardart\borderlandexplorer.jpg,4527,0,0,0,0,35,0,0,0,0,0,0,0,0,0,0,0,0,0,0,0,0,0,0,0,0,0,0,0,0,0,0,0,0,0,0,0,0,0,0,0,0,0,0,0,0,0,0,0,0,0,0,0,0,0,0,0,0,0,0,0,0,0,0,0,0,0,0,0,0,0,0,0,0,0,0,0,0,0,0,4394,0,0,0,0,341,0,0,0,0,0,0,0,0,0,0,0,0,0,0,698,0,0,0,0,3750,0,0,0,0,58,0,0,0,0,0,0,0,0,0,0,0,0,0,0,0,0,0,0,0,184,0,0,0,0,0,0,0,0,0,0,0,0,0,0,0,0,0,0,0,0,0,0,0,0,0,0,0,0,0,144,0,0,0,0,0,0,0,0,0,0,0,0,0,0,0,0,0,0,0,453,0,0,0,0,3577,0,0,0,0,137,0,0,0,0,0,0,0,0,0,0,0,0,0,0,1533,0,0,0,0,2309,0,0,0,0,1117,0,0,0,0,0,0,0,0,0,0,0,0,0,0,1,0,0,0,0,1699,0,0,0,0,0,0,0,0,0,0,0,0,0,0,0,0,0,0,0,0,0,0,0,0,0,0,0,0,0,44,0,0,0,0,0,0,0,0,0,0,0,0,0,0,0,0,0,0,0,1066,0,0,0,0,3310,0,0,0,0,307,0,0,0,0,0,0,0,0,0,0,0,0,0,0,398,0,0,0,0,6654,0,0,0,0
cn2_cardart\bronzesable.jpg,11154,0,0,0,0,269,0,0,0,0,0,0,0,0,0,0,0,0,0,0,7,0,0,0,0,129,0,0,0,0,20,0,0,0,0,0,0,0,0,0,0,0,0,0,0,0,0,0,0,0,5,0,0,0,0,37,0,0,0,0,0,0,0,0,0,0,0,0,0,0,0,0,0,0,0,3,0,0,0,0,5029,0,0,0,0,987,0,0,0,0,0,0,0,0,0,0,0,0,0,0,1368,0,0,0,0,3092,0,0,0,0,1608,0,0,0,0,1,0,0,0,0,0,0,0,0,0,2,0,0,0,0,671,0,0,0,0,488,0,0,0,0,0,0,0,0,0,0,0,0,0,0,0,0,0,0,0,18,0,0,0,0,1435,0,0,0,0,1531,0,0,0,0,0,0,0,0,0,0,0,0,0,0,580,0,0,0,0,1981,0,0,0,0,288,0,0,0,0,0,0,0,0,0,18,0,0,0,0,871,0,0,0,0,1038,0,0,0,0,697,0,0,0,0,0,0,0,0,0,0,0,0,0,0,1,0,0,0,0,1049,0,0,0,0,75,0,0,0,0,172,0,0,0,0,0,0,0,0,0,0,0,0,0,0,1,0,0,0,0,469,0,0,0,0,213,0,0,0,0,0,0,0,0,0,0,0,0,0,0,96,0,0,0,0,208,0,0,0,0,82,0,0,0,0,0,0,0,0,0,1,0,0,0,0,114,0,0,0,0,928,0,0,0,0
cn2_cardart\brushstrider.jpg,4178,0,0,0,0,0,0,0,0,0,0,0,0,0,0,0,0,0,0,0,1246,0,0,0,0,0,0,0,0,0,0,0,0,0,0,0,0,0,0,0,0,0,0,0,0,0,0,0,0,0,0,0,0,0,0,0,0,0,0,0,0,0,0,0,0,0,0,0,0,0,0,0,0,0,0,0,0,0,0,0,2002,0,0,0,0,0,0,0,0,0,0,0,0,0,0,0,0,0,0,0,7024,0,0,0,0,406,0,0,0,0,0,0,0,0,0,0,0,0,0,0,1147,0,0,0,0,186,0,0,0,0,0,0,0,0,0,0,0,0,0,0,0,0,0,0,0,0,0,0,0,0,0,0,0,0,0,0,0,0,0,0,3,0,0,0,0,0,0,0,0,0,0,0,0,0,0,0,0,0,0,0,2437,0,0,0,0,877,0,0,0,0,0,0,0,0,0,0,0,0,0,0,2587,0,0,0,0,3777,0,0,0,0,354,0,0,0,0,0,0,0,0,0,104,0,0,0,0,93,0,0,0,0,42,0,0,0,0,0,0,0,0,0,0,0,0,0,0,0,0,0,0,0,0,0,0,0,0,0,0,0,0,0,4,0,0,0,0,1,0,0,0,0,0,0,0,0,0,0,0,0,0,0,175,0,0,0,0,1990,0,0,0,0,532,0,0,0,0,0,0,0,0,0,111,0,0,0,0,370,0,0,0,0,2374,0,0,0,0,4716,0,0,0,0
cn2_cardart\burgeoning.jpg,15496,0,0,0,0,328,0,0,0,0,0,0,0,0,0,0,0,0,0,0,1001,0,0,0,0,68,0,0,0,0,0,0,0,0,0,0,0,0,0,0,0,0,0,0,0,0,0,0,0,0,0,0,0,0,0,0,0,0,0,0,0,0,0,0,0,0,0,0,0,0,0,0,0,0,0,0,0,0,0,0,731,0,0,0,0,212,0,0,0,0,0,0,0,0,0,0,0,0,0,0,2590,0,0,0,0,3458,0,0,0,0,143,0,0,0,0,0,0,0,0,0,167,0,0,0,0,467,0,0,0,0,134,0,0,0,0,0,0,0,0,0,0,0,0,0,0,0,0,0,0,0,0,0,0,0,0,0,0,0,0,0,0,0,0,0,0,0,0,0,0,0,0,0,0,0,0,0,0,0,0,0,66,0,0,0,0,671,0,0,0,0,90,0,0,0,0,0,0,0,0,0,53,0,0,0,0,2227,0,0,0,0,3490,0,0,0,0,27,0,0,0,0,0,0,0,0,0,231,0,0,0,0,173,0,0,0,0,48,0,0,0,0,0,0,0,0,0,0,0,0,0,0,0,0,0,0,0,0,0,0,0,0,0,0,0,0,0,0,0,0,0,0,0,0,0,0,0,0,0,0,0,0,0,0,0,0,0,157,0,0,0,0,553,0,0,0,0,14,0,0,0,0,0,0,0,0,0,74,0,0,0,0,991,0,0,0,0,3076,0,0,0,0
cn2_cardart\burnaway.jpg,16624,0,0,0,0,631,0,0,0,0,0,0,0,0,0,0,0,0,0,0,0,0,0,0,0,510,0,0,0,0,2,0,0,0,0,0,0,0,0,0,0,0,0,0,0,0,0,0,0,0,0,0,0,0,0,0,0,0,0,0,0,0,0,0,0,0,0,0,0,0,0,0,0,0,0,0,0,0,0,0,6151,0,0,0,0,810,0,0,0,0,0,0,0,0,0,0,0,0,0,0,44,0,0,0,0,1275,0,0,0,0,340,0,0,0,0,0,0,0,0,0,0,0,0,0,0,0,0,0,0,0,263,0,0,0,0,24,0,0,0,0,0,0,0,0,0,0,0,0,0,0,0,0,0,0,0,0,0,0,0,0,2845,0,0,0,0,1435,0,0,0,0,0,0,0,0,0,0,0,0,0,0,8,0,0,0,0,579,0,0,0,0,39,0,0,0,0,0,0,0,0,0,0,0,0,0,0,1,0,0,0,0,181,0,0,0,0,149,0,0,0,0,0,0,0,0,0,0,0,0,0,0,4,0,0,0,0,50,0,0,0,0,542,0,0,0,0,2464,0,0,0,0,38,0,0,0,0,0,0,0,0,0,0,0,0,0,0,748,0,0,0,0,435,0,0,0,0,3,0,0,0,0,0,0,0,0,0,14,0,0,0,0,231,0,0,0,0,80,0,0,0,0,0,0,0,0,0,0,0,0,0,0,32,0,0,0,0,184,0,0,0,0
cn2_cardart\burningwish.jpg,6592,0,0,0,0,0,0,0,0,0,0,0,0,0,0,0,0,0,0,0,8,0,0,0,0,0,0,0,0,0,0,0,0,0,0,0,0,0,0,0,0,0,0,0,0,0,0,0,0,0,0,0,0,0,0,0,0,0,0,0,0,0,0,0,0,0,0,0,0,0,0,0,0,0,0,0,0,0,0,0,15112,0,0,0,0,1,0,0,0,0,0,0,0,0,0,0,0,0,0,0,1235,0,0,0,0,42,0,0,0,0,0,0,0,0,0,0,0,0,0,0,164,0,0,0,0,335,0,0,0,0,0,0,0,0,0,0,0,0,0,0,0,0,0,0,0,0,0,0,0,0,0,0,0,0,0,0,0,0,0,0,2723,0,0,0,0,17,0,0,0,0,0,0,0,0,0,0,0,0,0,0,2730,0,0,0,0,800,0,0,0,0,1,0,0,0,0,0,0,0,0,0,542,0,0,0,0,1752,0,0,0,0,191,0,0,0,0,0,0,0,0,0,0,0,0,0,0,1,0,0,0,0,5,0,0,0,0,0,0,0,0,0,96,0,0,0,0,0,0,0,0,0,0,0,0,0,0,0,0,0,0,0,701,0,0,0,0,881,0,0,0,0,11,0,0,0,0,0,0,0,0,0,154,0,0,0,0,1269,0,0,0,0,1115,0,0,0,0,2,0,0,0,0,1,0,0,0,0,10,0,0,0,0,143,0,0,0,0,102,0,0,0,0
cn2_cardart\carnagegladiator.jpg,20437,0,0,0,0,230,0,0,0,0,0,0,0,0,0,0,0,0,0,0,548,0,0,0,0,3364,0,0,0,0,0,0,0,0,0,0,0,0,0,0,0,0,0,0,0,0,0,0,0,0,0,0,0,0,0,0,0,0,0,0,0,0,0,0,0,0,0,0,0,0,0,0,0,0,0,0,0,0,0,0,359,0,0,0,0,5,0,0,0,0,0,0,0,0,0,0,0,0,0,0,454,0,0,0,0,5751,0,0,0,0,64,0,0,0,0,0,0,0,0,0,0,0,0,0,0,314,0,0,0,0,891,0,0,0,0,0,0,0,0,0,0,0,0,0,0,0,0,0,0,0,0,0,0,0,0,0,0,0,0,0,20,0,0,0,0,0,0,0,0,0,0,0,0,0,0,0,0,0,0,0,9,0,0,0,0,250,0,0,0,0,4,0,0,0,0,0,0,0,0,0,0,0,0,0,0,641,0,0,0,0,2473,0,0,0,0,1,0,0,0,0,0,0,0,0,0,0,0,0,0,0,77,0,0,0,0,24,0,0,0,0,0,0,0,0,0,0,0,0,0,0,0,0,0,0,0,0,0,0,0,0,2,0,0,0,0,4,0,0,0,0,0,0,0,0,0,0,0,0,0,0,0,0,0,0,0,3,0,0,0,0,210,0,0,0,0,0,0,0,0,0,0,0,0,0,0,0,0,0,0,0,391,0,0,0,0,210,0,0,0,0
cn2_cardart\charmbreakerdevils.jpg,11718,0,0,0,0,530,0,0,0,0,0,0,0,0,0,0,0,0,0,0,3,0,0,0,0,117,0,0,0,0,58,0,0,0,0,0,0,0,0,0,0,0,0,0,0,0,0,0,0,0,29,0,0,0,0,10,0,0,0,0,0,0,0,0,0,0,0,0,0,0,0,0,0,0,0,2,0,0,0,0,3676,0,0,0,0,2286,0,0,0,0,0,0,0,0,0,0,0,0,0,0,80,0,0,0,0,6317,0,0,0,0,709,0,0,0,0,0,0,0,0,0,0,0,0,0,0,2,0,0,0,0,728,0,0,0,0,407,0,0,0,0,0,0,0,0,0,0,0,0,0,0,0,0,0,0,0,133,0,0,0,0,615,0,0,0,0,23,0,0,0,0,0,0,0,0,0,0,0,0,0,0,58,0,0,0,0,1427,0,0,0,0,594,0,0,0,0,0,0,0,0,0,0,0,0,0,0,177,0,0,0,0,2929,0,0,0,0,477,0,0,0,0,0,0,0,0,0,0,0,0,0,0,3,0,0,0,0,461,0,0,0,0,38,0,0,0,0,1,0,0,0,0,0,0,0,0,0,0,0,0,0,0,89,0,0,0,0,141,0,0,0,0,0,0,0,0,0,0,0,0,0,0,0,0,0,0,0,29,0,0,0,0,919,0,0,0,0,33,0,0,0,0,0,0,0,0,0,0,0,0,0,0,513,0,0,0,0,1404,0,0,0,0
cn2_cardart\coilingoracle.jpg,6792,0,0,0,0,1,0,0,0,0,0,0,0,0,0,0,0,0,0,0,989,0,0,0,0,485,0,0,0,0,1,0,0,0,0,0,0,0,0,0,0,0,0,0,0,0,0,0,0,0,0,0,0,0,0,0,0,0,0,0,0,0,0,0,0,0,0,0,0,0,0,0,0,0,0,0,0,0,0,0,1271,0,0,0,0,0,0,0,0,0,0,0,0,0,0,0,0,0,0,0,6176,0,0,0,0,1566,0,0,0,0,0,0,0,0,0,0,0,0,0,0,2,0,0,0,0,142,0,0,0,0,635,0,0,0,0,0,0,0,0,0,0,0,0,0,0,0,0,0,0,0,0,0,0,0,0,0,0,0,0,0,0,0,0,0,0,0,0,0,0,0,0,0,0,0,0,0,0,0,0,0,1642,0,0,0,0,404,0,0,0,0,0,0,0,0,0,0,0,0,0,0,2003,0,0,0,0,4970,0,0,0,0,1402,0,0,0,0,0,0,0,0,0,0,0,0,0,0,1,0,0,0,0,731,0,0,0,0,49,0,0,0,0,0,0,0,0,0,0,0,0,0,0,0,0,0,0,0,0,0,0,0,0,0,0,0,0,0,0,0,0,0,0,0,0,0,0,0,0,0,0,0,0,99,0,0,0,0,978,0,0,0,0,403,0,0,0,0,1,0,0,0,0,9,0,0,0,0,350,0,0,0,0,4545,0,0,0,0,1089,0,0,0,0
cn2_cardart\coordinatedassault.jpg,12530,0,0,0,0,5,0,0,0,0,0,0,0,0,0,0,0,0,0,0,19,0,0,0,0,4,0,0,0,0,0,0,0,0,0,0,0,0,0,0,0,0,0,0,0,0,0,0,0,0,0,0,0,0,0,0,0,0,0,0,0,0,0,0,0,0,0,0,0,0,0,0,0,0,0,0,0,0,0,0,1937,0,0,0,0,4,0,0,0,0,0,0,0,0,0,0,0,0,0,0,1272,0,0,0,0,1731,0,0,0,0,68,0,0,0,0,0,0,0,0,0,0,0,0,0,0,2,0,0,0,0,94,0,0,0,0,0,0,0,0,0,0,0,0,0,0,0,0,0,0,0,0,0,0,0,0,0,0,0,0,0,1,0,0,0,0,0,0,0,0,0,0,0,0,0,0,0,0,0,0,0,219,0,0,0,0,668,0,0,0,0,22,0,0,0,0,0,0,0,0,0,5,0,0,0,0,557,0,0,0,0,4132,0,0,0,0,175,0,0,0,0,0,0,0,0,0,0,0,0,0,0,9,0,0,0,0,33,0,0,0,0,0,0,0,0,0,0,0,0,0,0,0,0,0,0,0,0,0,0,0,0,0,0,0,0,0,0,0,0,0,0,0,0,0,0,0,0,0,0,0,0,1,0,0,0,0,193,0,0,0,0,628,0,0,0,0,268,0,0,0,0,0,0,0,0,0,0,0,0,0,0,447,0,0,0,0,11712,0,0,0,0
cn2_cardart\copperhornscout.jpg,12547,0,0,0,0,390,0,0,0,0,0,0,0,0,0,0,0,0,0,0,2710,0,0,0,0,7104,0,0,0,0,202,0,0,0,0,0,0,0,0,0,67,0,0,0,0,2963,0,0,0,0,2837,0,0,0,0,102,0,0,0,0,0,0,0,0,0,11,0,0,0,0,21,0,0,0,0,20,0,0,0,0,2112,0,0,0,0,58,0,0,0,0,0,0,0,0,0,0,0,0,0,0,747,0,0,0,0,455,0,0,0,0,27,0,0,0,0,0,0,0,0,0,52,0,0,0,0,235,0,0,0,0,51,0,0,0,0,2,0,0,0,0,0,0,0,0,0,11,0,0,0,0,13,0,0,0,0,1,0,0,0,0,126,0,0,0,0,11,0,0,0,0,0,0,0,0,0,0,0,0,0,0,849,0,0,0,0,470,0,0,0,0,35,0,0,0,0,0,0,0,0,0,260,0,0,0,0,346,0,0,0,0,76,0,0,0,0,0,0,0,0,0,9,0,0,0,0,68,0,0,0,0,44,0,0,0,0,4,0,0,0,0,2,0,0,0,0,0,0,0,0,0,0,0,0,0,0,0,0,0,0,0,91,0,0,0,0,36,0,0,0,0,0,0,0,0,0,0,0,0,0,0,262,0,0,0,0,385,0,0,0,0,70,0,0,0,0,1,0,0,0,0,53,0,0,0,0,534,0,0,0,0,259,0,0,0,0,7,0,0,0,0
cn2_cardart\crownhunterhireling.jpg,20306,0,0,0,0,14,0,0,0,0,0,0,0,0,0,0,0,0,0,0,51,0,0,0,0,18,0,0,0,0,0,0,0,0,0,0,0,0,0,0,0,0,0,0,0,0,0,0,0,0,0,0,0,0,0,0,0,0,0,0,0,0,0,0,0,0,0,0,0,0,0,0,0,0,0,0,0,0,0,0,3298,0,0,0,0,35,0,0,0,0,0,0,0,0,0,0,0,0,0,0,2557,0,0,0,0,5071,0,0,0,0,14,0,0,0,0,0,0,0,0,0,0,0,0,0,0,67,0,0,0,0,16,0,0,0,0,0,0,0,0,0,0,0,0,0,0,0,0,0,0,0,0,0,0,0,0,0,0,0,0,0,0,0,0,0,0,0,0,0,0,0,0,0,0,0,0,0,0,0,0,0,325,0,0,0,0,1709,0,0,0,0,9,0,0,0,0,0,0,0,0,0,0,0,0,0,0,1352,0,0,0,0,1748,0,0,0,0,13,0,0,0,0,0,0,0,0,0,0,0,0,0,0,1,0,0,0,0,21,0,0,0,0,0,0,0,0,0,0,0,0,0,0,0,0,0,0,0,0,0,0,0,0,0,0,0,0,0,0,0,0,0,0,0,0,0,0,0,0,0,0,0,0,0,0,0,0,0,0,0,0,0,0,17,0,0,0,0,0,0,0,0,0,0,0,0,0,0,0,0,0,0,0,12,0,0,0,0,82,0,0,0,0
cn2_cardart\darettiingeniousiconoclast.jpg,20560,0,0,0,0,0,0,0,0,0,0,0,0,0,0,0,0,0,0,0,0,0,0,0,0,0,0,0,0,0,0,0,0,0,0,0,0,0,0,0,0,0,0,0,0,0,0,0,0,0,0,0,0,0,0,0,0,0,0,0,0,0,0,0,0,0,0,0,0,0,0,0,0,0,0,0,0,0,0,0,7952,0,0,0,0,1,0,0,0,0,0,0,0,0,0,0,0,0,0,0,2466,0,0,0,0,1385,0,0,0,0,39,0,0,0,0,0,0,0,0,0,0,0,0,0,0,1,0,0,0,0,26,0,0,0,0,0,0,0,0,0,0,0,0,0,0,0,0,0,0,0,0,0,0,0,0,0,0,0,0,0,87,0,0,0,0,0,0,0,0,0,0,0,0,0,0,0,0,0,0,0,1030,0,0,0,0,1044,0,0,0,0,2,0,0,0,0,0,0,0,0,0,19,0,0,0,0,485,0,0,0,0,793,0,0,0,0,5,0,0,0,0,0,0,0,0,0,0,0,0,0,0,6,0,0,0,0,7,0,0,0,0,5,0,0,0,0,0,0,0,0,0,0,0,0,0,0,0,0,0,0,0,51,0,0,0,0,11,0,0,0,0,0,0,0,0,0,0,0,0,0,0,7,0,0,0,0,138,0,0,0,0,177,0,0,0,0,4,0,0,0,0,0,0,0,0,0,1,0,0,0,0,202,0,0,0,0,232,0,0,0,0
cn2_cardart\deputizedprotester.jpg,11689,0,0,0,0,10,0,0,0,0,0,0,0,0,0,0,0,0,0,0,42,0,0,0,0,44,0,0,0,0,0,0,0,0,0,0,0,0,0,0,0,0,0,0,0,0,0,0,0,0,0,0,0,0,0,0,0,0,0,0,0,0,0,0,0,0,0,0,0,0,0,0,0,0,0,0,0,0,0,0,6452,0,0,0,0,4,0,0,0,0,0,0,0,0,0,0,0,0,0,0,2783,0,0,0,0,8387,0,0,0,0,30,0,0,0,0,0,0,0,0,0,0,0,0,0,0,63,0,0,0,0,171,0,0,0,0,0,0,0,0,0,0,0,0,0,0,0,0,0,0,0,0,0,0,0,0,0,0,0,0,0,33,0,0,0,0,0,0,0,0,0,0,0,0,0,0,0,0,0,0,0,740,0,0,0,0,1921,0,0,0,0,13,0,0,0,0,0,0,0,0,0,15,0,0,0,0,1069,0,0,0,0,1940,0,0,0,0,0,0,0,0,0,0,0,0,0,0,0,0,0,0,0,0,0,0,0,0,0,0,0,0,0,0,0,0,0,0,0,0,0,0,0,0,0,0,0,0,0,0,0,0,0,1,0,0,0,0,0,0,0,0,0,0,0,0,0,0,0,0,0,0,0,13,0,0,0,0,511,0,0,0,0,237,0,0,0,0,0,0,0,0,0,0,0,0,0,0,55,0,0,0,0,329,0,0,0,0,184,0,0,0,0
cn2_cardart\domesticatedhydra.jpg,11395,0,0,0,0,0,0,0,0,0,0,0,0,0,0,0,0,0,0,0,11,0,0,0,0,0,0,0,0,0,0,0,0,0,0,0,0,0,0,0,0,0,0,0,0,0,0,0,0,0,0,0,0,0,0,0,0,0,0,0,0,0,0,0,0,0,0,0,0,0,0,0,0,0,0,0,0,0,0,0,2364,0,0,0,0,10,0,0,0,0,0,0,0,0,0,0,0,0,0,0,4215,0,0,0,0,2871,0,0,0,0,0,0,0,0,0,0,0,0,0,0,0,0,0,0,0,2,0,0,0,0,0,0,0,0,0,0,0,0,0,0,0,0,0,0,0,0,0,0,0,0,0,0,0,0,0,0,0,0,0,0,20,0,0,0,0,22,0,0,0,0,0,0,0,0,0,0,0,0,0,0,60,0,0,0,0,2556,0,0,0,0,7,0,0,0,0,0,0,0,0,0,0,0,0,0,0,2242,0,0,0,0,3305,0,0,0,0,2,0,0,0,0,0,0,0,0,0,0,0,0,0,0,32,0,0,0,0,3,0,0,0,0,0,0,0,0,0,0,0,0,0,0,0,0,0,0,0,0,0,0,0,0,0,0,0,0,0,2,0,0,0,0,0,0,0,0,0,0,0,0,0,0,0,0,0,0,0,48,0,0,0,0,1549,0,0,0,0,9,0,0,0,0,0,0,0,0,0,2,0,0,0,0,1624,0,0,0,0,4385,0,0,0,0
cn2_cardart\dragonlairspider.jpg,6763,0,0,0,0,0,0,0,0,0,0,0,0,0,0,0,0,0,0,0,0,0,0,0,0,0,0,0,0,0,0,0,0,0,0,0,0,0,0,0,0,0,0,0,0,0,0,0,0,0,0,0,0,0,0,0,0,0,0,0,0,0,0,0,0,0,0,0,0,0,0,0,0,0,0,0,0,0,0,0,9123,0,0,0,0,1,0,0,0,0,0,0,0,0,0,0,0,0,0,0,29,0,0,0,0,7,0,0,0,0,0,0,0,0,0,0,0,0,0,0,0,0,0,0,0,0,0,0,0,0,0,0,0,0,0,0,0,0,0,0,0,0,0,0,0,0,0,0,0,0,0,0,0,0,0,0,0,0,0,0,5586,0,0,0,0,6,0,0,0,0,0,0,0,0,0,0,0,0,0,0,4511,0,0,0,0,237,0,0,0,0,0,0,0,0,0,0,0,0,0,0,25,0,0,0,0,39,0,0,0,0,0,0,0,0,0,0,0,0,0,0,0,0,0,0,0,0,0,0,0,0,0,0,0,0,0,0,0,0,0,0,1,0,0,0,0,0,0,0,0,0,0,0,0,0,0,0,0,0,0,0,2712,0,0,0,0,462,0,0,0,0,0,0,0,0,0,0,0,0,0,0,976,0,0,0,0,4736,0,0,0,0,78,0,0,0,0,0,0,0,0,0,0,0,0,0,0,819,0,0,0,0,625,0,0,0,0,0,0,0,0,0
cn2_cardart\dreadstatuary.jpg,15119,0,0,0,0,30,0,0,0,0,0,0,0,0,0,0,0,0,0,0,2103,0,0,0,0,2994,0,0,0,0,317,0,0,0,0,0,0,0,0,0,3,0,0,0,0,916,0,0,0,0,985,0,0,0,0,0,0,0,0,0,0,0,0,0,0,0,0,0,0,0,0,0,0,0,0,0,0,0,0,0,0,0,0,0,0,0,0,0,0,0,0,0,0,0,0,0,0,0,0,0,312,0,0,0,0,689,0,0,0,0,13,0,0,0,0,0,0,0,0,0,1,0,0,0,0,1156,0,0,0,0,2613,0,0,0,0,39,0,0,0,0,0,0,0,0,0,3,0,0,0,0,751,0,0,0,0,161,0,0,0,0,0,0,0,0,0,0,0,0,0,0,0,0,0,0,0,0,0,0,0,0,0,0,0,0,0,0,0,0,0,0,0,0,0,0,0,0,0,0,0,0,0,0,0,0,0,201,0,0,0,0,868,0,0,0,0,2,0,0,0,0,0,0,0,0,0,0,0,0,0,0,1625,0,0,0,0,1231,0,0,0,0,0,0,0,0,0,0,0,0,0,0,0,0,0,0,0,0,0,0,0,0,0,0,0,0,0,0,0,0,0,0,0,0,0,0,0,0,0,0,0,0,0,0,0,0,0,0,0,0,0,0,0,0,0,0,0,0,0,0,0,0,0,0,0,0,0,0,0,0,0,0,197,0,0,0,0,4407,0,0,0,0
cn2_cardart\duskmantleseer.jpg,6753,0,0,0,0,2012,0,0,0,0,0,0,0,0,0,0,0,0,0,0,34,0,0,0,0,2833,0,0,0,0,1,0,0,0,0,0,0,0,0,0,0,0,0,0,0,0,0,0,0,0,0,0,0,0,0,0,0,0,0,0,0,0,0,0,0,0,0,0,0,0,0,0,0,0,0,0,0,0,0,0,0,0,0,0,0,49,0,0,0,0,0,0,0,0,0,0,0,0,0,0,1,0,0,0,0,1933,0,0,0,0,1778,0,0,0,0,0,0,0,0,0,0,0,0,0,0,203,0,0,0,0,2067,0,0,0,0,0,0,0,0,0,0,0,0,0,0,0,0,0,0,0,0,0,0,0,0,0,0,0,0,0,0,0,0,0,0,0,0,0,0,0,0,0,0,0,0,0,0,0,0,0,0,0,0,0,0,3,0,0,0,0,12,0,0,0,0,0,0,0,0,0,0,0,0,0,0,11,0,0,0,0,5263,0,0,0,0,1629,0,0,0,0,0,0,0,0,0,0,0,0,0,0,2149,0,0,0,0,901,0,0,0,0,0,0,0,0,0,0,0,0,0,0,0,0,0,0,0,0,0,0,0,0,0,0,0,0,0,0,0,0,0,0,0,0,0,0,0,0,0,0,0,0,0,0,0,0,0,0,0,0,0,0,5,0,0,0,0,64,0,0,0,0,0,0,0,0,0,0,0,0,0,0,128,0,0,0,0,8907,0,0,0,0
cn2_cardart\echoingboon.jpg,3088,0,0,0,0,45,0,0,0,0,0,0,0,0,0,0,0,0,0,0,170,0,0,0,0,343,0,0,0,0,1,0,0,0,0,0,0,0,0,0,0,0,0,0,0,0,0,0,0,0,0,0,0,0,0,0,0,0,0,0,0,0,0,0,0,0,0,0,0,0,0,0,0,0,0,0,0,0,0,0,3364,0,0,0,0,74,0,0,0,0,0,0,0,0,0,0,0,0,0,0,2227,0,0,0,0,3036,0,0,0,0,19,0,0,0,0,0,0,0,0,0,0,0,0,0,0,210,0,0,0,0,345,0,0,0,0,1,0,0,0,0,0,0,0,0,0,0,0,0,0,0,1,0,0,0,0,77,0,0,0,0,273,0,0,0,0,9,0,0,0,0,0,0,0,0,0,0,0,0,0,0,1618,0,0,0,0,2078,0,0,0,0,12,0,0,0,0,0,0,0,0,0,78,0,0,0,0,3110,0,0,0,0,2392,0,0,0,0,13,0,0,0,0,0,0,0,0,0,3,0,0,0,0,1352,0,0,0,0,3229,0,0,0,0,0,0,0,0,0,0,0,0,0,0,0,0,0,0,0,0,0,0,0,0,22,0,0,0,0,61,0,0,0,0,8,0,0,0,0,0,0,0,0,0,8,0,0,0,0,2019,0,0,0,0,482,0,0,0,0,0,0,0,0,0,0,0,0,0,0,851,0,0,0,0,5494,0,0,0,0,623,0,0,0,0
cn2_cardart\emberbeast.jpg,22501,0,0,0,0,1544,0,0,0,0,0,0,0,0,0,0,0,0,0,0,1,0,0,0,0,279,0,0,0,0,0,0,0,0,0,0,0,0,0,0,0,0,0,0,0,0,0,0,0,0,0,0,0,0,0,0,0,0,0,0,0,0,0,0,0,0,0,0,0,0,0,0,0,0,0,0,0,0,0,0,2446,0,0,0,0,170,0,0,0,0,0,0,0,0,0,0,0,0,0,0,55,0,0,0,0,3211,0,0,0,0,294,0,0,0,0,0,0,0,0,0,0,0,0,0,0,0,0,0,0,0,35,0,0,0,0,0,0,0,0,0,0,0,0,0,0,0,0,0,0,0,0,0,0,0,0,0,0,0,0,0,1400,0,0,0,0,2,0,0,0,0,0,0,0,0,0,0,0,0,0,0,209,0,0,0,0,460,0,0,0,0,194,0,0,0,0,0,0,0,0,0,0,0,0,0,0,41,0,0,0,0,1736,0,0,0,0,114,0,0,0,0,0,0,0,0,0,0,0,0,0,0,0,0,0,0,0,1,0,0,0,0,388,0,0,0,0,1,0,0,0,0,0,0,0,0,0,0,0,0,0,0,478,0,0,0,0,145,0,0,0,0,1,0,0,0,0,0,0,0,0,0,92,0,0,0,0,330,0,0,0,0,222,0,0,0,0,31,0,0,0,0,0,0,0,0,0,52,0,0,0,0,121,0,0,0,0,182,0,0,0,0
cn2_cardart\entourageoftrest.jpg,8391,0,0,0,0,6,0,0,0,0,0,0,0,0,0,0,0,0,0,0,21,0,0,0,0,9,0,0,0,0,0,0,0,0,0,0,0,0,0,0,0,0,0,0,0,0,0,0,0,0,0,0,0,0,0,0,0,0,0,0,0,0,0,0,0,0,0,0,0,0,0,0,0,0,0,0,0,0,0,0,418,0,0,0,0,2,0,0,0,0,0,0,0,0,0,0,0,0,0,0,617,0,0,0,0,4389,0,0,0,0,1,0,0,0,0,0,0,0,0,0,0,0,0,0,0,42,0,0,0,0,1,0,0,0,0,0,0,0,0,0,0,0,0,0,0,0,0,0,0,0,0,0,0,0,0,0,0,0,0,0,0,0,0,0,0,0,0,0,0,0,0,0,0,0,0,0,0,0,0,0,5,0,0,0,0,1807,0,0,0,0,5,0,0,0,0,0,0,0,0,0,0,0,0,0,0,1804,0,0,0,0,4984,0,0,0,0,1,0,0,0,0,0,0,0,0,0,0,0,0,0,0,4,0,0,0,0,0,0,0,0,0,0,0,0,0,0,0,0,0,0,0,0,0,0,0,0,0,0,0,0,0,0,0,0,0,0,0,0,0,0,0,0,0,0,0,0,0,0,0,0,0,0,0,0,0,0,6,0,0,0,0,2887,0,0,0,0,1,0,0,0,0,0,0,0,0,0,0,0,0,0,0,3456,0,0,0,0,7879,0,0,0,0
cn2_cardart\evolvingwilds.jpg,21061,0,0,0,0,1557,0,0,0,0,0,0,0,0,0,0,0,0,0,0,556,0,0,0,0,1252,0,0,0,0,0,0,0,0,0,0,0,0,0,0,0,0,0,0,0,0,0,0,0,0,0,0,0,0,0,0,0,0,0,0,0,0,0,0,0,0,0,0,0,0,0,0,0,0,0,0,0,0,0,0,430,0,0,0,0,36,0,0,0,0,0,0,0,0,0,0,0,0,0,0,1022,0,0,0,0,5547,0,0,0,0,1241,0,0,0,0,0,0,0,0,0,0,0,0,0,0,78,0,0,0,0,243,0,0,0,0,0,0,0,0,0,0,0,0,0,0,0,0,0,0,0,0,0,0,0,0,0,0,0,0,0,0,0,0,0,0,0,0,0,0,0,0,0,0,0,0,0,0,0,0,0,7,0,0,0,0,185,0,0,0,0,38,0,0,0,0,0,0,0,0,0,0,0,0,0,0,358,0,0,0,0,2608,0,0,0,0,29,0,0,0,0,0,0,0,0,0,0,0,0,0,0,3,0,0,0,0,3,0,0,0,0,0,0,0,0,0,0,0,0,0,0,0,0,0,0,0,0,0,0,0,0,0,0,0,0,0,0,0,0,0,0,0,0,0,0,0,0,0,0,0,0,0,0,0,0,0,0,0,0,0,0,155,0,0,0,0,5,0,0,0,0,0,0,0,0,0,0,0,0,0,0,205,0,0,0,0,117,0,0,0,0
cn2_cardart\exoticorchard.jpg,8739,0,0,0,0,0,0,0,0,0,0,0,0,0,0,0,0,0,0,0,2848,0,0,0,0,69,0,0,0,0,0,0,0,0,0,0,0,0,0,0,0,0,0,0,0,0,0,0,0,0,0,0,0,0,0,0,0,0,0,0,0,0,0,0,0,0,0,0,0,0,0,0,0,0,0,0,0,0,0,0,157,0,0,0,0,0,0,0,0,0,0,0,0,0,0,0,0,0,0,0,6511,0,0,0,0,1639,0,0,0,0,0,0,0,0,0,0,0,0,0,0,923,0,0,0,0,1767,0,0,0,0,80,0,0,0,0,0,0,0,0,0,0,0,0,0,0,0,0,0,0,0,1,0,0,0,0,24,0,0,0,0,0,0,0,0,0,0,0,0,0,0,0,0,0,0,0,0,0,0,0,0,39,0,0,0,0,77,0,0,0,0,0,0,0,0,0,0,0,0,0,0,346,0,0,0,0,3974,0,0,0,0,1287,0,0,0,0,3,0,0,0,0,0,0,0,0,0,109,0,0,0,0,785,0,0,0,0,3645,0,0,0,0,0,0,0,0,0,0,0,0,0,0,0,0,0,0,0,0,0,0,0,0,0,0,0,0,0,0,0,0,0,0,0,0,0,0,0,0,0,0,0,0,1,0,0,0,0,159,0,0,0,0,183,0,0,0,0,0,0,0,0,0,0,0,0,0,0,84,0,0,0,0,1907,0,0,0,0,1379,0,0,0,0
cn2_cardart\explosivevegetation.jpg,9963,0,0,0,0,4,0,0,0,0,0,0,0,0,0,0,0,0,0,0,3679,0,0,0,0,1975,0,0,0,0,0,0,0,0,0,0,0,0,0,0,52,0,0,0,0,1068,0,0,0,0,325,0,0,0,0,0,0,0,0,0,0,0,0,0,0,5,0,0,0,0,41,0,0,0,0,0,0,0,0,0,36,0,0,0,0,1,0,0,0,0,0,0,0,0,0,0,0,0,0,0,592,0,0,0,0,1176,0,0,0,0,0,0,0,0,0,0,0,0,0,0,109,0,0,0,0,3479,0,0,0,0,566,0,0,0,0,0,0,0,0,0,0,0,0,0,0,92,0,0,0,0,309,0,0,0,0,1,0,0,0,0,3,0,0,0,0,1,0,0,0,0,0,0,0,0,0,0,0,0,0,0,6,0,0,0,0,24,0,0,0,0,0,0,0,0,0,0,0,0,0,0,20,0,0,0,0,1501,0,0,0,0,1053,0,0,0,0,0,0,0,0,0,0,0,0,0,0,482,0,0,0,0,3327,0,0,0,0,165,0,0,0,0,0,0,0,0,0,0,0,0,0,0,0,0,0,0,0,0,0,0,0,0,0,0,0,0,0,0,0,0,0,0,0,0,0,0,0,0,0,0,0,0,0,0,0,0,0,0,0,0,0,0,8,0,0,0,0,0,0,0,0,0,1,0,0,0,0,273,0,0,0,0,4460,0,0,0,0,1939,0,0,0,0
cn2_cardart\fadeintoantiquity.jpg,18569,0,0,0,0,0,0,0,0,0,0,0,0,0,0,0,0,0,0,0,117,0,0,0,0,2,0,0,0,0,0,0,0,0,0,0,0,0,0,0,0,0,0,0,0,0,0,0,0,0,0,0,0,0,0,0,0,0,0,0,0,0,0,0,0,0,0,0,0,0,0,0,0,0,0,0,0,0,0,0,2361,0,0,0,0,1,0,0,0,0,0,0,0,0,0,0,0,0,0,0,1356,0,0,0,0,193,0,0,0,0,0,0,0,0,0,0,0,0,0,0,16,0,0,0,0,34,0,0,0,0,0,0,0,0,0,0,0,0,0,0,0,0,0,0,0,0,0,0,0,0,0,0,0,0,0,0,0,0,0,0,650,0,0,0,0,0,0,0,0,0,0,0,0,0,0,0,0,0,0,0,1521,0,0,0,0,302,0,0,0,0,0,0,0,0,0,0,0,0,0,0,296,0,0,0,0,879,0,0,0,0,98,0,0,0,0,0,0,0,0,0,0,0,0,0,0,5,0,0,0,0,4,0,0,0,0,0,0,0,0,0,9,0,0,0,0,0,0,0,0,0,0,0,0,0,0,0,0,0,0,0,729,0,0,0,0,101,0,0,0,0,2,0,0,0,0,0,0,0,0,0,1070,0,0,0,0,1373,0,0,0,0,166,0,0,0,0,1,0,0,0,0,61,0,0,0,0,966,0,0,0,0,2692,0,0,0,0,3162,0,0,0,0
cn2_cardart\fangofthepack.jpg,18984,0,0,0,0,5,0,0,0,0,0,0,0,0,0,0,0,0,0,0,3076,0,0,0,0,18,0,0,0,0,0,0,0,0,0,0,0,0,0,0,50,0,0,0,0,0,0,0,0,0,0,0,0,0,0,0,0,0,0,0,0,0,0,0,0,0,0,0,0,0,0,0,0,0,0,0,0,0,0,0,1063,0,0,0,0,0,0,0,0,0,0,0,0,0,0,0,0,0,0,0,4772,0,0,0,0,1301,0,0,0,0,0,0,0,0,0,0,0,0,0,0,959,0,0,0,0,748,0,0,0,0,0,0,0,0,0,0,0,0,0,0,0,0,0,0,0,108,0,0,0,0,0,0,0,0,0,0,0,0,0,0,0,0,0,0,0,0,0,0,0,0,0,0,0,0,0,0,0,0,0,0,255,0,0,0,0,442,0,0,0,0,0,0,0,0,0,0,0,0,0,0,59,0,0,0,0,2469,0,0,0,0,987,0,0,0,0,0,0,0,0,0,0,0,0,0,0,151,0,0,0,0,259,0,0,0,0,0,0,0,0,0,0,0,0,0,0,0,0,0,0,0,0,0,0,0,0,0,0,0,0,0,0,0,0,0,0,0,0,0,0,0,0,0,0,0,0,0,0,0,0,0,0,0,0,0,0,97,0,0,0,0,248,0,0,0,0,0,0,0,0,0,0,0,0,0,0,4,0,0,0,0,519,0,0,0,0,162,0,0,0,0
cn2_cardart\fieryfall.jpg,9073,0,0,0,0,0,0,0,0,0,0,0,0,0,0,0,0,0,0,0,0,0,0,0,0,0,0,0,0,0,0,0,0,0,0,0,0,0,0,0,0,0,0,0,0,0,0,0,0,0,0,0,0,0,0,0,0,0,0,0,0,0,0,0,0,0,0,0,0,0,0,0,0,0,0,0,0,0,0,0,9242,0,0,0,0,0,0,0,0,0,0,0,0,0,0,0,0,0,0,0,41,0,0,0,0,8,0,0,0,0,0,0,0,0,0,0,0,0,0,0,0,0,0,0,0,0,0,0,0,0,0,0,0,0,0,0,0,0,0,0,0,0,0,0,0,0,0,0,0,0,0,0,0,0,0,0,0,0,0,0,4454,0,0,0,0,0,0,0,0,0,0,0,0,0,0,0,0,0,0,0,1340,0,0,0,0,128,0,0,0,0,1,0,0,0,0,0,0,0,0,0,9,0,0,0,0,9,0,0,0,0,0,0,0,0,0,0,0,0,0,0,0,0,0,0,0,0,0,0,0,0,0,0,0,0,0,0,0,0,0,0,153,0,0,0,0,0,0,0,0,0,0,0,0,0,0,0,0,0,0,0,4708,0,0,0,0,429,0,0,0,0,0,0,0,0,0,0,0,0,0,0,2880,0,0,0,0,3026,0,0,0,0,46,0,0,0,0,0,0,0,0,0,106,0,0,0,0,942,0,0,0,0,135,0,0,0,0,6,0,0,0,0
cn2_cardart\flameslash.jpg,7868,0,0,0,0,80,0,0,0,0,0,0,0,0,0,0,0,0,0,0,9,0,0,0,0,114,0,0,0,0,17,0,0,0,0,0,0,0,0,0,0,0,0,0,0,0,0,0,0,0,4,0,0,0,0,0,0,0,0,0,0,0,0,0,0,0,0,0,0,0,0,0,0,0,0,0,0,0,0,0,7229,0,0,0,0,15,0,0,0,0,0,0,0,0,0,0,0,0,0,0,2356,0,0,0,0,325,0,0,0,0,21,0,0,0,0,0,0,0,0,0,1,0,0,0,0,4,0,0,0,0,3,0,0,0,0,0,0,0,0,0,0,0,0,0,0,0,0,0,0,0,0,0,0,0,0,0,0,0,0,0,423,0,0,0,0,0,0,0,0,0,0,0,0,0,0,0,0,0,0,0,4826,0,0,0,0,860,0,0,0,0,2,0,0,0,0,0,0,0,0,0,54,0,0,0,0,853,0,0,0,0,82,0,0,0,0,0,0,0,0,0,0,0,0,0,0,0,0,0,0,0,2,0,0,0,0,0,0,0,0,0,0,0,0,0,0,0,0,0,0,0,0,0,0,0,0,0,0,0,0,0,400,0,0,0,0,187,0,0,0,0,0,0,0,0,0,0,0,0,0,0,307,0,0,0,0,4099,0,0,0,0,488,0,0,0,0,1,0,0,0,0,0,0,0,0,0,295,0,0,0,0,3661,0,0,0,0,2150,0,0,0,0
cn2_cardart\forgottenancient.jpg,7097,0,0,0,0,36,0,0,0,0,0,0,0,0,0,0,0,0,0,0,1838,0,0,0,0,656,0,0,0,0,0,0,0,0,0,0,0,0,0,0,6,0,0,0,0,69,0,0,0,0,398,0,0,0,0,8,0,0,0,0,0,0,0,0,0,0,0,0,0,0,133,0,0,0,0,23,0,0,0,0,710,0,0,0,0,62,0,0,0,0,0,0,0,0,0,0,0,0,0,0,2661,0,0,0,0,4669,0,0,0,0,70,0,0,0,0,0,0,0,0,0,87,0,0,0,0,1330,0,0,0,0,1291,0,0,0,0,39,0,0,0,0,0,0,0,0,0,33,0,0,0,0,889,0,0,0,0,433,0,0,0,0,0,0,0,0,0,0,0,0,0,0,0,0,0,0,0,0,0,0,0,0,181,0,0,0,0,3704,0,0,0,0,665,0,0,0,0,0,0,0,0,0,5,0,0,0,0,2335,0,0,0,0,4635,0,0,0,0,117,0,0,0,0,0,0,0,0,0,73,0,0,0,0,879,0,0,0,0,474,0,0,0,0,0,0,0,0,0,0,0,0,0,0,0,0,0,0,0,0,0,0,0,0,0,0,0,0,0,0,0,0,0,0,0,0,0,0,0,0,0,0,0,0,0,0,0,0,0,90,0,0,0,0,528,0,0,0,0,19,0,0,0,0,0,0,0,0,0,1,0,0,0,0,229,0,0,0,0,263,0,0,0,0
cn2_cardart\gangofdevils.jpg,18846,0,0,0,0,2235,0,0,0,0,29,0,0,0,0,0,0,0,0,0,1,0,0,0,0,284,0,0,0,0,54,0,0,0,0,0,0,0,0,0,0,0,0,0,0,0,0,0,0,0,5,0,0,0,0,0,0,0,0,0,0,0,0,0,0,0,0,0,0,0,0,0,0,0,0,0,0,0,0,0,4338,0,0,0,0,1067,0,0,0,0,1,0,0,0,0,0,0,0,0,0,2,0,0,0,0,3119,0,0,0,0,535,0,0,0,0,0,0,0,0,0,0,0,0,0,0,0,0,0,0,0,28,0,0,0,0,1,0,0,0,0,0,0,0,0,0,0,0,0,0,0,0,0,0,0,0,0,0,0,0,0,1264,0,0,0,0,76,0,0,0,0,0,0,0,0,0,0,0,0,0,0,111,0,0,0,0,1328,0,0,0,0,540,0,0,0,0,0,0,0,0,0,0,0,0,0,0,5,0,0,0,0,366,0,0,0,0,0,0,0,0,0,0,0,0,0,0,0,0,0,0,0,0,0,0,0,0,0,0,0,0,0,126,0,0,0,0,5,0,0,0,0,0,0,0,0,0,0,0,0,0,0,552,0,0,0,0,672,0,0,0,0,35,0,0,0,0,0,0,0,0,0,5,0,0,0,0,384,0,0,0,0,636,0,0,0,0,5,0,0,0,0,0,0,0,0,0,7,0,0,0,0,72,0,0,0,0,2,0,0,0,0
cn2_cardart\garbagefire.jpg,1921,0,0,0,0,1265,0,0,0,0,121,0,0,0,0,0,0,0,0,0,0,0,0,0,0,88,0,0,0,0,310,0,0,0,0,0,0,0,0,0,0,0,0,0,0,0,0,0,0,0,0,0,0,0,0,0,0,0,0,0,0,0,0,0,0,0,0,0,0,0,0,0,0,0,0,0,0,0,0,0,1710,0,0,0,0,878,0,0,0,0,2,0,0,0,0,0,0,0,0,0,140,0,0,0,0,1336,0,0,0,0,2772,0,0,0,0,54,0,0,0,0,0,0,0,0,0,3,0,0,0,0,1220,0,0,0,0,1198,0,0,0,0,0,0,0,0,0,0,0,0,0,0,0,0,0,0,0,0,0,0,0,0,761,0,0,0,0,60,0,0,0,0,0,0,0,0,0,0,0,0,0,0,2151,0,0,0,0,1551,0,0,0,0,236,0,0,0,0,0,0,0,0,0,40,0,0,0,0,249,0,0,0,0,605,0,0,0,0,1815,0,0,0,0,0,0,0,0,0,0,0,0,0,0,1,0,0,0,0,137,0,0,0,0,0,0,0,0,0,0,0,0,0,0,0,0,0,0,0,0,0,0,0,0,1692,0,0,0,0,307,0,0,0,0,0,0,0,0,0,0,0,0,0,0,4169,0,0,0,0,2774,0,0,0,0,96,0,0,0,0,12,0,0,0,0,158,0,0,0,0,5833,0,0,0,0,1058,0,0,0,0,13,0,0,0,0
cn2_cardart\goblinballoonbrigade.jpg,13776,0,0,0,0,19,0,0,0,0,0,0,0,0,0,0,0,0,0,0,281,0,0,0,0,117,0,0,0,0,0,0,0,0,0,0,0,0,0,0,0,0,0,0,0,0,0,0,0,0,0,0,0,0,0,0,0,0,0,0,0,0,0,0,0,0,0,0,0,0,0,0,0,0,0,0,0,0,0,0,510,0,0,0,0,35,0,0,0,0,0,0,0,0,0,0,0,0,0,0,2057,0,0,0,0,3792,0,0,0,0,4989,0,0,0,0,0,0,0,0,0,5,0,0,0,0,114,0,0,0,0,77,0,0,0,0,0,0,0,0,0,0,0,0,0,0,0,0,0,0,0,0,0,0,0,0,0,0,0,0,0,0,0,0,0,0,0,0,0,0,0,0,0,0,0,0,0,0,0,0,0,145,0,0,0,0,302,0,0,0,0,888,0,0,0,0,0,0,0,0,0,151,0,0,0,0,1020,0,0,0,0,4414,0,0,0,0,1,0,0,0,0,0,0,0,0,0,2,0,0,0,0,36,0,0,0,0,4,0,0,0,0,0,0,0,0,0,0,0,0,0,0,0,0,0,0,0,0,0,0,0,0,0,0,0,0,0,0,0,0,0,0,0,0,0,0,0,0,0,0,0,0,1,0,0,0,0,159,0,0,0,0,1704,0,0,0,0,837,0,0,0,0,0,0,0,0,0,205,0,0,0,0,437,0,0,0,0,658,0,0,0,0
cn2_cardart\goblinracketeer.jpg,13905,0,0,0,0,322,0,0,0,0,0,0,0,0,0,0,0,0,0,0,688,0,0,0,0,3036,0,0,0,0,44,0,0,0,0,0,0,0,0,0,0,0,0,0,0,55,0,0,0,0,103,0,0,0,0,0,0,0,0,0,0,0,0,0,0,0,0,0,0,0,0,0,0,0,0,0,0,0,0,0,3097,0,0,0,0,52,0,0,0,0,0,0,0,0,0,0,0,0,0,0,2274,0,0,0,0,3251,0,0,0,0,202,0,0,0,0,0,0,0,0,0,70,0,0,0,0,408,0,0,0,0,2123,0,0,0,0,12,0,0,0,0,0,0,0,0,0,0,0,0,0,0,67,0,0,0,0,124,0,0,0,0,39,0,0,0,0,0,0,0,0,0,0,0,0,0,0,0,0,0,0,0,1280,0,0,0,0,235,0,0,0,0,1,0,0,0,0,0,0,0,0,0,235,0,0,0,0,1115,0,0,0,0,1136,0,0,0,0,42,0,0,0,0,0,0,0,0,0,15,0,0,0,0,236,0,0,0,0,1251,0,0,0,0,0,0,0,0,0,0,0,0,0,0,0,0,0,0,0,0,0,0,0,0,0,0,0,0,0,2,0,0,0,0,0,0,0,0,0,0,0,0,0,0,256,0,0,0,0,396,0,0,0,0,26,0,0,0,0,0,0,0,0,0,0,0,0,0,0,100,0,0,0,0,235,0,0,0,0,303,0,0,0,0
cn2_cardart\goblintunneler.jpg,3564,0,0,0,0,4,0,0,0,0,0,0,0,0,0,0,0,0,0,0,0,0,0,0,0,2,0,0,0,0,0,0,0,0,0,0,0,0,0,0,0,0,0,0,0,0,0,0,0,0,0,0,0,0,0,0,0,0,0,0,0,0,0,0,0,0,0,0,0,0,0,0,0,0,0,0,0,0,0,0,6462,0,0,0,0,28,0,0,0,0,0,0,0,0,0,0,0,0,0,0,1120,0,0,0,0,589,0,0,0,0,2,0,0,0,0,0,0,0,0,0,0,0,0,0,0,0,0,0,0,0,0,0,0,0,0,0,0,0,0,0,0,0,0,0,0,0,0,0,0,0,0,0,0,0,0,0,0,0,0,0,1571,0,0,0,0,7,0,0,0,0,0,0,0,0,0,0,0,0,0,0,3840,0,0,0,0,6407,0,0,0,0,6,0,0,0,0,0,0,0,0,0,2,0,0,0,0,565,0,0,0,0,145,0,0,0,0,0,0,0,0,0,0,0,0,0,0,0,0,0,0,0,0,0,0,0,0,0,0,0,0,0,15,0,0,0,0,1,0,0,0,0,0,0,0,0,0,0,0,0,0,0,1523,0,0,0,0,3111,0,0,0,0,3,0,0,0,0,0,0,0,0,0,294,0,0,0,0,6226,0,0,0,0,856,0,0,0,0,1,0,0,0,0,0,0,0,0,0,1,0,0,0,0,257,0,0,0,0,134,0,0,0,0
cn2_cardart\gratuitousviolence.jpg,6244,0,0,0,0,0,0,0,0,0,0,0,0,0,0,0,0,0,0,0,0,0,0,0,0,0,0,0,0,0,0,0,0,0,0,0,0,0,0,0,0,0,0,0,0,0,0,0,0,0,0,0,0,0,0,0,0,0,0,0,0,0,0,0,0,0,0,0,0,0,0,0,0,0,0,0,0,0,0,0,5499,0,0,0,0,0,0,0,0,0,0,0,0,0,0,0,0,0,0,0,453,0,0,0,0,248,0,0,0,0,0,0,0,0,0,0,0,0,0,0,0,0,0,0,0,0,0,0,0,0,0,0,0,0,0,0,0,0,0,0,0,0,0,0,0,0,0,0,0,0,0,0,0,0,0,0,0,0,0,0,1361,0,0,0,0,4,0,0,0,0,0,0,0,0,0,0,0,0,0,0,1703,0,0,0,0,1643,0,0,0,0,1,0,0,0,0,0,0,0,0,0,24,0,0,0,0,821,0,0,0,0,4252,0,0,0,0,0,0,0,0,0,0,0,0,0,0,0,0,0,0,0,30,0,0,0,0,2,0,0,0,0,89,0,0,0,0,3,0,0,0,0,0,0,0,0,0,0,0,0,0,0,139,0,0,0,0,225,0,0,0,0,1,0,0,0,0,0,0,0,0,0,235,0,0,0,0,1160,0,0,0,0,4447,0,0,0,0,6,0,0,0,0,9,0,0,0,0,41,0,0,0,0,2378,0,0,0,0,5718,0,0,0,0
cn2_cardart\grenzohavocraiser.jpg,24031,0,0,0,0,3,0,0,0,0,0,0,0,0,0,0,0,0,0,0,121,0,0,0,0,2,0,0,0,0,0,0,0,0,0,0,0,0,0,0,0,0,0,0,0,0,0,0,0,0,0,0,0,0,0,0,0,0,0,0,0,0,0,0,0,0,0,0,0,0,0,0,0,0,0,0,0,0,0,0,2508,0,0,0,0,1,0,0,0,0,0,0,0,0,0,0,0,0,0,0,4215,0,0,0,0,2768,0,0,0,0,0,0,0,0,0,0,0,0,0,0,0,0,0,0,0,5,0,0,0,0,0,0,0,0,0,0,0,0,0,0,0,0,0,0,0,0,0,0,0,0,0,0,0,0,0,0,0,0,0,0,0,0,0,0,0,0,0,0,0,0,0,0,0,0,0,0,0,0,0,0,248,0,0,0,0,1056,0,0,0,0,0,0,0,0,0,0,0,0,0,0,49,0,0,0,0,1050,0,0,0,0,245,0,0,0,0,0,0,0,0,0,0,0,0,0,0,0,0,0,0,0,2,0,0,0,0,0,0,0,0,0,0,0,0,0,0,0,0,0,0,0,0,0,0,0,0,0,0,0,0,0,0,0,0,0,0,0,0,0,0,0,0,0,0,0,0,0,0,0,0,0,23,0,0,0,0,203,0,0,0,0,100,0,0,0,0,0,0,0,0,0,0,0,0,0,0,6,0,0,0,0,87,0,0,0,0,13,0,0,0,0
cn2_cardart\grenzosruffians.jpg,20498,0,0,0,0,0,0,0,0,0,0,0,0,0,0,0,0,0,0,0,24,0,0,0,0,24,0,0,0,0,0,0,0,0,0,0,0,0,0,0,0,0,0,0,0,0,0,0,0,0,0,0,0,0,0,0,0,0,0,0,0,0,0,0,0,0,0,0,0,0,0,0,0,0,0,0,0,0,0,0,3124,0,0,0,0,13,0,0,0,0,0,0,0,0,0,0,0,0,0,0,2902,0,0,0,0,3244,0,0,0,0,3,0,0,0,0,0,0,0,0,0,0,0,0,0,0,61,0,0,0,0,26,0,0,0,0,0,0,0,0,0,0,0,0,0,0,0,0,0,0,0,0,0,0,0,0,0,0,0,0,0,0,0,0,0,0,0,0,0,0,0,0,0,0,0,0,0,0,0,0,0,751,0,0,0,0,1215,0,0,0,0,0,0,0,0,0,0,0,0,0,0,389,0,0,0,0,952,0,0,0,0,2242,0,0,0,0,1,0,0,0,0,0,0,0,0,0,0,0,0,0,0,39,0,0,0,0,20,0,0,0,0,0,0,0,0,0,0,0,0,0,0,0,0,0,0,0,0,0,0,0,0,0,0,0,0,0,0,0,0,0,0,0,0,0,0,0,0,0,0,0,0,1,0,0,0,0,168,0,0,0,0,210,0,0,0,0,1,0,0,0,0,0,0,0,0,0,26,0,0,0,0,282,0,0,0,0,520,0,0,0,0
cn2_cardart\gruulwarchant.jpg,14035,0,0,0,0,0,0,0,0,0,0,0,0,0,0,0,0,0,0,0,0,0,0,0,0,0,0,0,0,0,0,0,0,0,0,0,0,0,0,0,0,0,0,0,0,0,0,0,0,0,0,0,0,0,0,0,0,0,0,0,0,0,0,0,0,0,0,0,0,0,0,0,0,0,0,0,0,0,0,0,7604,0,0,0,0,0,0,0,0,0,0,0,0,0,0,0,0,0,0,0,406,0,0,0,0,1,0,0,0,0,0,0,0,0,0,0,0,0,0,0,0,0,0,0,0,0,0,0,0,0,0,0,0,0,0,0,0,0,0,0,0,0,0,0,0,0,0,0,0,0,0,0,0,0,0,0,0,0,0,0,3221,0,0,0,0,0,0,0,0,0,0,0,0,0,0,0,0,0,0,0,2025,0,0,0,0,74,0,0,0,0,0,0,0,0,0,0,0,0,0,0,16,0,0,0,0,19,0,0,0,0,0,0,0,0,0,0,0,0,0,0,0,0,0,0,0,0,0,0,0,0,0,0,0,0,0,0,0,0,0,0,185,0,0,0,0,0,0,0,0,0,0,0,0,0,0,0,0,0,0,0,3055,0,0,0,0,98,0,0,0,0,0,0,0,0,0,0,0,0,0,0,2413,0,0,0,0,1617,0,0,0,0,2,0,0,0,0,0,0,0,0,0,263,0,0,0,0,1495,0,0,0,0,207,0,0,0,0,0,0,0,0,0
cn2_cardart\guttersnipe.jpg,2081,0,0,0,0,1425,0,0,0,0,0,0,0,0,0,0,0,0,0,0,0,0,0,0,0,45,0,0,0,0,0,0,0,0,0,0,0,0,0,0,0,0,0,0,0,0,0,0,0,0,0,0,0,0,0,0,0,0,0,0,0,0,0,0,0,0,0,0,0,0,0,0,0,0,0,0,0,0,0,0,1183,0,0,0,0,1157,0,0,0,0,0,0,0,0,0,0,0,0,0,0,170,0,0,0,0,4225,0,0,0,0,1261,0,0,0,0,2,0,0,0,0,0,0,0,0,0,0,0,0,0,0,87,0,0,0,0,10,0,0,0,0,0,0,0,0,0,0,0,0,0,0,0,0,0,0,0,0,0,0,0,0,1414,0,0,0,0,397,0,0,0,0,0,0,0,0,0,0,0,0,0,0,460,0,0,0,0,4955,0,0,0,0,1891,0,0,0,0,2,0,0,0,0,8,0,0,0,0,371,0,0,0,0,588,0,0,0,0,124,0,0,0,0,0,0,0,0,0,0,0,0,0,0,0,0,0,0,0,0,0,0,0,0,750,0,0,0,0,186,0,0,0,0,0,0,0,0,0,0,0,0,0,0,139,0,0,0,0,1992,0,0,0,0,5,0,0,0,0,0,0,0,0,0,45,0,0,0,0,5120,0,0,0,0,400,0,0,0,0,5,0,0,0,0,0,0,0,0,0,2002,0,0,0,0,3865,0,0,0,0,371,0,0,0,0
cn2_cardart\hamletbackgoliath.jpg,1089,0,0,0,0,1,0,0,0,0,0,0,0,0,0,0,0,0,0,0,650,0,0,0,0,684,0,0,0,0,0,0,0,0,0,0,0,0,0,0,0,0,0,0,0,0,0,0,0,0,0,0,0,0,0,0,0,0,0,0,0,0,0,0,0,0,0,0,0,0,0,0,0,0,0,0,0,0,0,0,527,0,0,0,0,39,0,0,0,0,0,0,0,0,0,0,0,0,0,0,1235,0,0,0,0,4398,0,0,0,0,11,0,0,0,0,0,0,0,0,0,0,0,0,0,0,789,0,0,0,0,593,0,0,0,0,0,0,0,0,0,0,0,0,0,0,0,0,0,0,0,0,0,0,0,0,0,0,0,0,0,1,0,0,0,0,0,0,0,0,0,0,0,0,0,0,0,0,0,0,0,45,0,0,0,0,3388,0,0,0,0,4,0,0,0,0,0,0,0,0,0,0,0,0,0,0,1798,0,0,0,0,3027,0,0,0,0,10,0,0,0,0,0,0,0,0,0,0,0,0,0,0,1299,0,0,0,0,460,0,0,0,0,0,0,0,0,0,0,0,0,0,0,0,0,0,0,0,0,0,0,0,0,0,0,0,0,0,24,0,0,0,0,5,0,0,0,0,0,0,0,0,0,0,0,0,0,0,403,0,0,0,0,1506,0,0,0,0,0,0,0,0,0,0,0,0,0,0,0,0,0,0,0,735,0,0,0,0,14015,0,0,0,0
cn2_cardart\havengulvampire.jpg,24472,0,0,0,0,2636,0,0,0,0,0,0,0,0,0,0,0,0,0,0,0,0,0,0,0,753,0,0,0,0,1080,0,0,0,0,54,0,0,0,0,0,0,0,0,0,0,0,0,0,0,310,0,0,0,0,490,0,0,0,0,0,0,0,0,0,0,0,0,0,0,0,0,0,0,0,0,0,0,0,0,367,0,0,0,0,86,0,0,0,0,0,0,0,0,0,0,0,0,0,0,80,0,0,0,0,1043,0,0,0,0,320,0,0,0,0,0,0,0,0,0,0,0,0,0,0,2,0,0,0,0,153,0,0,0,0,598,0,0,0,0,0,0,0,0,0,0,0,0,0,0,0,0,0,0,0,120,0,0,0,0,14,0,0,0,0,1,0,0,0,0,0,0,0,0,0,0,0,0,0,0,18,0,0,0,0,446,0,0,0,0,115,0,0,0,0,0,0,0,0,0,0,0,0,0,0,193,0,0,0,0,1119,0,0,0,0,283,0,0,0,0,0,0,0,0,0,0,0,0,0,0,2,0,0,0,0,334,0,0,0,0,0,0,0,0,0,0,0,0,0,0,0,0,0,0,0,0,0,0,0,0,0,0,0,0,0,0,0,0,0,0,1,0,0,0,0,0,0,0,0,0,0,0,0,0,0,167,0,0,0,0,209,0,0,0,0,128,0,0,0,0,0,0,0,0,0,0,0,0,0,0,54,0,0,0,0,1088,0,0,0,0
cn2_cardart\hedronmatrix.jpg,7269,0,0,0,0,407,0,0,0,0,1,0,0,0,0,0,0,0,0,0,42,0,0,0,0,316,0,0,0,0,107,0,0,0,0,0,0,0,0,0,0,0,0,0,0,0,0,0,0,0,7,0,0,0,0,0,0,0,0,0,0,0,0,0,0,0,0,0,0,0,0,0,0,0,0,0,0,0,0,0,1313,0,0,0,0,356,0,0,0,0,1,0,0,0,0,0,0,0,0,0,74,0,0,0,0,2669,0,0,0,0,1356,0,0,0,0,0,0,0,0,0,0,0,0,0,0,7,0,0,0,0,2925,0,0,0,0,21,0,0,0,0,0,0,0,0,0,0,0,0,0,0,0,0,0,0,0,0,0,0,0,0,27,0,0,0,0,90,0,0,0,0,0,0,0,0,0,0,0,0,0,0,0,0,0,0,0,349,0,0,0,0,199,0,0,0,0,0,0,0,0,0,0,0,0,0,0,22,0,0,0,0,8432,0,0,0,0,855,0,0,0,0,0,0,0,0,0,0,0,0,0,0,50,0,0,0,0,1145,0,0,0,0,0,0,0,0,0,0,0,0,0,0,0,0,0,0,0,0,0,0,0,0,0,0,0,0,0,12,0,0,0,0,16,0,0,0,0,0,0,0,0,0,0,0,0,0,0,0,0,0,0,0,594,0,0,0,0,67,0,0,0,0,0,0,0,0,0,0,0,0,0,0,1498,0,0,0,0,6509,0,0,0,0
cn2_cardart\hexplategolem.jpg,5652,0,0,0,0,0,0,0,0,0,0,0,0,0,0,0,0,0,0,0,1,0,0,0,0,0,0,0,0,0,0,0,0,0,0,0,0,0,0,0,0,0,0,0,0,0,0,0,0,0,0,0,0,0,0,0,0,0,0,0,0,0,0,0,0,0,0,0,0,0,0,0,0,0,0,0,0,0,0,0,2698,0,0,0,0,0,0,0,0,0,0,0,0,0,0,0,0,0,0,0,1059,0,0,0,0,1970,0,0,0,0,0,0,0,0,0,0,0,0,0,0,0,0,0,0,0,25,0,0,0,0,6,0,0,0,0,0,0,0,0,0,0,0,0,0,0,0,0,0,0,0,0,0,0,0,0,0,0,0,0,0,0,0,0,0,0,0,0,0,0,0,0,0,0,0,0,0,0,0,0,0,35,0,0,0,0,3199,0,0,0,0,0,0,0,0,0,0,0,0,0,0,0,0,0,0,0,1904,0,0,0,0,10476,0,0,0,0,0,0,0,0,0,0,0,0,0,0,0,0,0,0,0,0,0,0,0,0,0,0,0,0,0,0,0,0,0,0,0,0,0,0,0,0,0,0,0,0,0,0,0,0,0,0,0,0,0,0,0,0,0,0,0,0,0,0,0,0,0,0,0,0,0,0,0,0,0,0,28,0,0,0,0,2199,0,0,0,0,3,0,0,0,0,0,0,0,0,0,0,0,0,0,0,4493,0,0,0,0,2988,0,0,0,0
cn2_cardart\hornofgreed.jpg,8391,0,0,0,0,15,0,0,0,0,0,0,0,0,0,0,0,0,0,0,1,0,0,0,0,11,0,0,0,0,0,0,0,0,0,0,0,0,0,0,0,0,0,0,0,0,0,0,0,0,0,0,0,0,0,0,0,0,0,0,0,0,0,0,0,0,0,0,0,0,0,0,0,0,0,0,0,0,0,0,2317,0,0,0,0,5,0,0,0,0,0,0,0,0,0,0,0,0,0,0,2661,0,0,0,0,1181,0,0,0,0,98,0,0,0,0,0,0,0,0,0,1,0,0,0,0,62,0,0,0,0,283,0,0,0,0,0,0,0,0,0,0,0,0,0,0,0,0,0,0,0,0,0,0,0,0,0,0,0,0,0,234,0,0,0,0,0,0,0,0,0,0,0,0,0,0,0,0,0,0,0,3027,0,0,0,0,817,0,0,0,0,11,0,0,0,0,0,0,0,0,0,2112,0,0,0,0,2461,0,0,0,0,3493,0,0,0,0,410,0,0,0,0,0,0,0,0,0,0,0,0,0,0,74,0,0,0,0,878,0,0,0,0,0,0,0,0,0,0,0,0,0,0,0,0,0,0,0,0,0,0,0,0,105,0,0,0,0,28,0,0,0,0,0,0,0,0,0,0,0,0,0,0,4018,0,0,0,0,938,0,0,0,0,329,0,0,0,0,14,0,0,0,0,402,0,0,0,0,489,0,0,0,0,341,0,0,0,0,1529,0,0,0,0
cn2_cardart\hurlyburly.jpg,2130,0,0,0,0,1,0,0,0,0,0,0,0,0,0,0,0,0,0,0,5,0,0,0,0,1,0,0,0,0,0,0,0,0,0,0,0,0,0,0,0,0,0,0,0,0,0,0,0,0,5,0,0,0,0,11,0,0,0,0,0,0,0,0,0,0,0,0,0,0,0,0,0,0,0,309,0,0,0,0,2142,0,0,0,0,0,0,0,0,0,0,0,0,0,0,0,0,0,0,0,2439,0,0,0,0,349,0,0,0,0,0,0,0,0,0,0,0,0,0,0,3,0,0,0,0,64,0,0,0,0,118,0,0,0,0,8,0,0,0,0,0,0,0,0,0,0,0,0,0,0,4,0,0,0,0,849,0,0,0,0,0,0,0,0,0,0,0,0,0,0,0,0,0,0,0,0,0,0,0,0,2013,0,0,0,0,1820,0,0,0,0,0,0,0,0,0,0,0,0,0,0,298,0,0,0,0,5799,0,0,0,0,341,0,0,0,0,1,0,0,0,0,0,0,0,0,0,704,0,0,0,0,327,0,0,0,0,2488,0,0,0,0,0,0,0,0,0,0,0,0,0,0,0,0,0,0,0,0,0,0,0,0,4,0,0,0,0,1,0,0,0,0,0,0,0,0,0,0,0,0,0,0,66,0,0,0,0,5242,0,0,0,0,732,0,0,0,0,0,0,0,0,0,0,0,0,0,0,2693,0,0,0,0,4397,0,0,0,0,1372,0,0,0,0
cn2_cardart\illtemperedcyclops.jpg,3180,0,0,0,0,0,0,0,0,0,0,0,0,0,0,0,0,0,0,0,0,0,0,0,0,0,0,0,0,0,0,0,0,0,0,0,0,0,0,0,0,0,0,0,0,0,0,0,0,0,0,0,0,0,0,0,0,0,0,0,0,0,0,0,0,0,0,0,0,0,0,0,0,0,0,0,0,0,0,0,12028,0,0,0,0,219,0,0,0,0,0,0,0,0,0,0,0,0,0,0,16,0,0,0,0,344,0,0,0,0,0,0,0,0,0,0,0,0,0,0,0,0,0,0,0,0,0,0,0,0,0,0,0,0,0,0,0,0,0,0,0,0,0,0,0,0,0,0,0,0,0,0,0,0,0,0,0,0,0,0,2989,0,0,0,0,167,0,0,0,0,0,0,0,0,0,0,0,0,0,0,802,0,0,0,0,4994,0,0,0,0,45,0,0,0,0,0,0,0,0,0,0,0,0,0,0,255,0,0,0,0,1073,0,0,0,0,0,0,0,0,0,0,0,0,0,0,0,0,0,0,0,0,0,0,0,0,2,0,0,0,0,19,0,0,0,0,0,0,0,0,0,0,0,0,0,0,0,0,0,0,0,384,0,0,0,0,952,0,0,0,0,8,0,0,0,0,0,0,0,0,0,0,0,0,0,0,1530,0,0,0,0,2856,0,0,0,0,13,0,0,0,0,0,0,0,0,0,0,0,0,0,0,755,0,0,0,0,4105,0,0,0,0
cn2_cardart\irresistibleprey.jpg,5557,0,0,0,0,882,0,0,0,0,0,0,0,0,0,0,0,0,0,0,2306,0,0,0,0,6222,0,0,0,0,16,0,0,0,0,0,0,0,0,0,3,0,0,0,0,443,0,0,0,0,33,0,0,0,0,0,0,0,0,0,0,0,0,0,0,0,0,0,0,0,0,0,0,0,0,0,0,0,0,0,38,0,0,0,0,2,0,0,0,0,0,0,0,0,0,0,0,0,0,0,1492,0,0,0,0,3670,0,0,0,0,80,0,0,0,0,0,0,0,0,0,8,0,0,0,0,4898,0,0,0,0,1451,0,0,0,0,0,0,0,0,0,0,0,0,0,0,11,0,0,0,0,38,0,0,0,0,0,0,0,0,0,2,0,0,0,0,0,0,0,0,0,0,0,0,0,0,0,0,0,0,0,54,0,0,0,0,43,0,0,0,0,0,0,0,0,0,0,0,0,0,0,69,0,0,0,0,1522,0,0,0,0,1519,0,0,0,0,0,0,0,0,0,0,0,0,0,0,383,0,0,0,0,2516,0,0,0,0,50,0,0,0,0,0,0,0,0,0,0,0,0,0,0,0,0,0,0,0,0,0,0,0,0,0,0,0,0,0,0,0,0,0,0,0,0,0,0,0,0,0,0,0,0,57,0,0,0,0,104,0,0,0,0,13,0,0,0,0,0,0,0,0,0,5,0,0,0,0,402,0,0,0,0,2559,0,0,0,0,288,0,0,0,0
cn2_cardart\juniperorderranger.jpg,13729,0,0,0,0,2141,0,0,0,0,229,0,0,0,0,0,0,0,0,0,0,0,0,0,0,270,0,0,0,0,3931,0,0,0,0,451,0,0,0,0,0,0,0,0,0,0,0,0,0,0,87,0,0,0,0,1858,0,0,0,0,0,0,0,0,0,0,0,0,0,0,0,0,0,0,0,486,0,0,0,0,955,0,0,0,0,211,0,0,0,0,0,0,0,0,0,0,0,0,0,0,107,0,0,0,0,1051,0,0,0,0,809,0,0,0,0,58,0,0,0,0,0,0,0,0,0,0,0,0,0,0,315,0,0,0,0,1203,0,0,0,0,0,0,0,0,0,0,0,0,0,0,0,0,0,0,0,119,0,0,0,0,81,0,0,0,0,0,0,0,0,0,0,0,0,0,0,0,0,0,0,0,471,0,0,0,0,456,0,0,0,0,138,0,0,0,0,0,0,0,0,0,3,0,0,0,0,133,0,0,0,0,891,0,0,0,0,1600,0,0,0,0,0,0,0,0,0,0,0,0,0,0,0,0,0,0,0,244,0,0,0,0,0,0,0,0,0,0,0,0,0,0,0,0,0,0,0,0,0,0,0,0,0,0,0,0,0,20,0,0,0,0,0,0,0,0,0,0,0,0,0,0,3,0,0,0,0,116,0,0,0,0,388,0,0,0,0,291,0,0,0,0,0,0,0,0,0,2,0,0,0,0,280,0,0,0,0,3609,0,0,0,0
cn2_cardart\kayaghostassassin.jpg,20748,0,0,0,0,203,0,0,0,0,0,0,0,0,0,0,0,0,0,0,1,0,0,0,0,12,0,0,0,0,0,0,0,0,0,0,0,0,0,0,0,0,0,0,0,0,0,0,0,0,0,0,0,0,0,0,0,0,0,0,0,0,0,0,0,0,0,0,0,0,0,0,0,0,0,0,0,0,0,0,8277,0,0,0,0,1360,0,0,0,0,16,0,0,0,0,0,0,0,0,0,1163,0,0,0,0,1040,0,0,0,0,0,0,0,0,0,0,0,0,0,0,0,0,0,0,0,0,0,0,0,0,0,0,0,0,0,0,0,0,0,0,0,0,0,0,0,0,0,0,0,0,0,0,0,0,0,0,0,0,0,0,97,0,0,0,0,42,0,0,0,0,17,0,0,0,0,0,0,0,0,0,328,0,0,0,0,1069,0,0,0,0,77,0,0,0,0,7,0,0,0,0,0,0,0,0,0,766,0,0,0,0,222,0,0,0,0,1,0,0,0,0,0,0,0,0,0,0,0,0,0,0,0,0,0,0,0,1,0,0,0,0,0,0,0,0,0,0,0,0,0,0,0,0,0,0,0,0,0,0,0,0,0,0,0,0,0,40,0,0,0,0,1,0,0,0,0,3,0,0,0,0,0,0,0,0,0,150,0,0,0,0,968,0,0,0,0,7,0,0,0,0,0,0,0,0,0,0,0,0,0,0,16,0,0,0,0,104,0,0,0,0
cn2_cardart\kilnfiend.jpg,8742,0,0,0,0,0,0,0,0,0,0,0,0,0,0,0,0,0,0,0,0,0,0,0,0,0,0,0,0,0,0,0,0,0,0,0,0,0,0,0,0,0,0,0,0,0,0,0,0,0,0,0,0,0,0,0,0,0,0,0,0,0,0,0,0,0,0,0,0,0,0,0,0,0,0,0,0,0,0,0,6269,0,0,0,0,0,0,0,0,0,0,0,0,0,0,0,0,0,0,0,1005,0,0,0,0,27,0,0,0,0,0,0,0,0,0,0,0,0,0,0,0,0,0,0,0,0,0,0,0,0,0,0,0,0,0,0,0,0,0,0,0,0,0,0,0,0,0,0,0,0,0,0,0,0,0,0,0,0,0,0,2783,0,0,0,0,1,0,0,0,0,0,0,0,0,0,0,0,0,0,0,3953,0,0,0,0,273,0,0,0,0,0,0,0,0,0,0,0,0,0,0,826,0,0,0,0,1559,0,0,0,0,133,0,0,0,0,0,0,0,0,0,0,0,0,0,0,0,0,0,0,0,0,0,0,0,0,0,0,0,0,0,183,0,0,0,0,0,0,0,0,0,0,0,0,0,0,0,0,0,0,0,1501,0,0,0,0,462,0,0,0,0,0,0,0,0,0,0,0,0,0,0,1193,0,0,0,0,2201,0,0,0,0,446,0,0,0,0,0,0,0,0,0,430,0,0,0,0,1815,0,0,0,0,2030,0,0,0,0,904,0,0,0,0
cn2_cardart\kitesail.jpg,1722,0,0,0,0,197,0,0,0,0,0,0,0,0,0,0,0,0,0,0,26,0,0,0,0,212,0,0,0,0,1098,0,0,0,0,6,0,0,0,0,0,0,0,0,0,18,0,0,0,0,1527,0,0,0,0,6181,0,0,0,0,0,0,0,0,0,0,0,0,0,0,1,0,0,0,0,135,0,0,0,0,1306,0,0,0,0,6,0,0,0,0,0,0,0,0,0,0,0,0,0,0,519,0,0,0,0,340,0,0,0,0,61,0,0,0,0,0,0,0,0,0,0,0,0,0,0,47,0,0,0,0,735,0,0,0,0,3689,0,0,0,0,0,0,0,0,0,0,0,0,0,0,6,0,0,0,0,2500,0,0,0,0,87,0,0,0,0,18,0,0,0,0,0,0,0,0,0,0,0,0,0,0,763,0,0,0,0,386,0,0,0,0,13,0,0,0,0,0,0,0,0,0,21,0,0,0,0,526,0,0,0,0,758,0,0,0,0,1018,0,0,0,0,0,0,0,0,0,0,0,0,0,0,137,0,0,0,0,7637,0,0,0,0,0,0,0,0,0,0,0,0,0,0,0,0,0,0,0,0,0,0,0,0,4,0,0,0,0,27,0,0,0,0,6,0,0,0,0,0,0,0,0,0,0,0,0,0,0,429,0,0,0,0,314,0,0,0,0,26,0,0,0,0,0,0,0,0,0,28,0,0,0,0,1298,0,0,0,0,2908,0,0,0,0
cn2_cardart\knightsoftheblackrose.jpg,2967,0,0,0,0,8,0,0,0,0,0,0,0,0,0,0,0,0,0,0,0,0,0,0,0,2,0,0,0,0,0,0,0,0,0,0,0,0,0,0,0,0,0,0,0,0,0,0,0,0,0,0,0,0,0,0,0,0,0,0,0,0,0,0,0,0,0,0,0,0,0,0,0,0,0,0,0,0,0,0,1072,0,0,0,0,49,0,0,0,0,0,0,0,0,0,0,0,0,0,0,475,0,0,0,0,7922,0,0,0,0,41,0,0,0,0,0,0,0,0,0,0,0,0,0,0,2,0,0,0,0,24,0,0,0,0,0,0,0,0,0,0,0,0,0,0,0,0,0,0,0,0,0,0,0,0,0,0,0,0,0,0,0,0,0,0,0,0,0,0,0,0,0,0,0,0,0,0,0,0,0,1,0,0,0,0,2674,0,0,0,0,239,0,0,0,0,0,0,0,0,0,0,0,0,0,0,1402,0,0,0,0,7591,0,0,0,0,21,0,0,0,0,0,0,0,0,0,0,0,0,0,0,14,0,0,0,0,2,0,0,0,0,0,0,0,0,0,0,0,0,0,0,0,0,0,0,0,0,0,0,0,0,0,0,0,0,0,0,0,0,0,0,0,0,0,0,0,0,0,0,0,0,0,0,0,0,0,3,0,0,0,0,3303,0,0,0,0,44,0,0,0,0,0,0,0,0,0,0,0,0,0,0,2306,0,0,0,0,6574,0,0,0,0
cn2_cardart\lacewithmoonglove.jpg,8416,0,0,0,0,1,0,0,0,0,0,0,0,0,0,0,0,0,0,0,340,0,0,0,0,266,0,0,0,0,3,0,0,0,0,0,0,0,0,0,0,0,0,0,0,16,0,0,0,0,3,0,0,0,0,0,0,0,0,0,0,0,0,0,0,0,0,0,0,0,0,0,0,0,0,0,0,0,0,0,2034,0,0,0,0,5,0,0,0,0,0,0,0,0,0,0,0,0,0,0,4792,0,0,0,0,2307,0,0,0,0,9,0,0,0,0,0,0,0,0,0,68,0,0,0,0,628,0,0,0,0,169,0,0,0,0,0,0,0,0,0,0,0,0,0,0,0,0,0,0,0,0,0,0,0,0,0,0,0,0,0,0,0,0,0,0,0,0,0,0,0,0,0,0,0,0,0,0,0,0,0,1672,0,0,0,0,907,0,0,0,0,4,0,0,0,0,0,0,0,0,0,2071,0,0,0,0,5260,0,0,0,0,2051,0,0,0,0,1,0,0,0,0,10,0,0,0,0,111,0,0,0,0,97,0,0,0,0,1,0,0,0,0,0,0,0,0,0,0,0,0,0,0,0,0,0,0,0,0,0,0,0,0,1,0,0,0,0,1,0,0,0,0,0,0,0,0,0,0,0,0,0,0,382,0,0,0,0,1550,0,0,0,0,562,0,0,0,0,0,0,0,0,0,77,0,0,0,0,718,0,0,0,0,2054,0,0,0,0,149,0,0,0,0
cn2_cardart\layoftheland.jpg,8778,0,0,0,0,190,0,0,0,0,0,0,0,0,0,0,0,0,0,0,1,0,0,0,0,4,0,0,0,0,0,0,0,0,0,0,0,0,0,0,0,0,0,0,0,0,0,0,0,0,0,0,0,0,0,0,0,0,0,0,0,0,0,0,0,0,0,0,0,0,0,0,0,0,0,0,0,0,0,0,4524,0,0,0,0,1003,0,0,0,0,0,0,0,0,0,0,0,0,0,0,1881,0,0,0,0,4862,0,0,0,0,57,0,0,0,0,0,0,0,0,0,0,0,0,0,0,5,0,0,0,0,0,0,0,0,0,0,0,0,0,0,0,0,0,0,0,0,0,0,0,0,0,0,0,0,0,0,0,0,0,0,81,0,0,0,0,32,0,0,0,0,0,0,0,0,0,0,0,0,0,0,2185,0,0,0,0,5189,0,0,0,0,98,0,0,0,0,0,0,0,0,0,582,0,0,0,0,1071,0,0,0,0,169,0,0,0,0,0,0,0,0,0,0,0,0,0,0,0,0,0,0,0,0,0,0,0,0,0,0,0,0,0,0,0,0,0,0,0,0,0,0,0,0,0,0,0,0,0,0,0,0,0,4,0,0,0,0,33,0,0,0,0,1,0,0,0,0,0,0,0,0,0,510,0,0,0,0,4101,0,0,0,0,131,0,0,0,0,0,0,0,0,0,1,0,0,0,0,856,0,0,0,0,385,0,0,0,0,2,0,0,0,0
cn2_cardart\leovoldemissaryoftrest.jpg,9737,0,0,0,0,3,0,0,0,0,0,0,0,0,0,0,0,0,0,0,11,0,0,0,0,2,0,0,0,0,0,0,0,0,0,0,0,0,0,0,0,0,0,0,0,0,0,0,0,0,0,0,0,0,0,0,0,0,0,0,0,0,0,0,0,0,0,0,0,0,0,0,0,0,0,0,0,0,0,0,8944,0,0,0,0,11,0,0,0,0,0,0,0,0,0,0,0,0,0,0,993,0,0,0,0,986,0,0,0,0,4,0,0,0,0,0,0,0,0,0,0,0,0,0,0,4,0,0,0,0,0,0,0,0,0,0,0,0,0,0,0,0,0,0,0,0,0,0,0,0,0,0,0,0,0,0,0,0,0,0,1492,0,0,0,0,25,0,0,0,0,0,0,0,0,0,0,0,0,0,0,2266,0,0,0,0,2363,0,0,0,0,4,0,0,0,0,0,0,0,0,0,0,0,0,0,0,633,0,0,0,0,302,0,0,0,0,0,0,0,0,0,0,0,0,0,0,0,0,0,0,0,1,0,0,0,0,0,0,0,0,0,56,0,0,0,0,71,0,0,0,0,0,0,0,0,0,0,0,0,0,0,4,0,0,0,0,262,0,0,0,0,9,0,0,0,0,0,0,0,0,0,0,0,0,0,0,790,0,0,0,0,1522,0,0,0,0,0,0,0,0,0,0,0,0,0,0,0,0,0,0,0,1168,0,0,0,0,5073,0,0,0,0
cn2_cardart\leovoldsoperative.jpg,15210,0,0,0,0,2604,0,0,0,0,0,0,0,0,0,0,0,0,0,0,2,0,0,0,0,576,0,0,0,0,2,0,0,0,0,0,0,0,0,0,0,0,0,0,0,0,0,0,0,0,0,0,0,0,0,0,0,0,0,0,0,0,0,0,0,0,0,0,0,0,0,0,0,0,0,0,0,0,0,0,1250,0,0,0,0,2407,0,0,0,0,0,0,0,0,0,0,0,0,0,0,3,0,0,0,0,5875,0,0,0,0,1950,0,0,0,0,0,0,0,0,0,0,0,0,0,0,15,0,0,0,0,437,0,0,0,0,0,0,0,0,0,0,0,0,0,0,0,0,0,0,0,0,0,0,0,0,0,0,0,0,0,0,0,0,0,0,5,0,0,0,0,0,0,0,0,0,0,0,0,0,0,0,0,0,0,0,107,0,0,0,0,655,0,0,0,0,0,0,0,0,0,0,0,0,0,0,7,0,0,0,0,3327,0,0,0,0,484,0,0,0,0,0,0,0,0,0,0,0,0,0,0,78,0,0,0,0,135,0,0,0,0,0,0,0,0,0,0,0,0,0,0,0,0,0,0,0,0,0,0,0,0,0,0,0,0,0,0,0,0,0,0,0,0,0,0,0,0,0,0,0,0,0,0,0,0,0,0,0,0,0,0,251,0,0,0,0,190,0,0,0,0,0,0,0,0,0,0,0,0,0,0,53,0,0,0,0,1113,0,0,0,0
cn2_cardart\manaplasm.jpg,18271,0,0,0,0,0,0,0,0,0,0,0,0,0,0,0,0,0,0,0,274,0,0,0,0,10,0,0,0,0,0,0,0,0,0,0,0,0,0,0,0,0,0,0,0,0,0,0,0,0,0,0,0,0,0,0,0,0,0,0,0,0,0,0,0,0,0,0,0,0,0,0,0,0,0,0,0,0,0,0,1327,0,0,0,0,0,0,0,0,0,0,0,0,0,0,0,0,0,0,0,6205,0,0,0,0,282,0,0,0,0,0,0,0,0,0,0,0,0,0,0,30,0,0,0,0,292,0,0,0,0,39,0,0,0,0,0,0,0,0,0,0,0,0,0,0,0,0,0,0,0,4,0,0,0,0,0,0,0,0,0,0,0,0,0,0,0,0,0,0,0,0,0,0,0,0,0,0,0,0,0,533,0,0,0,0,83,0,0,0,0,0,0,0,0,0,0,0,0,0,0,1149,0,0,0,0,2898,0,0,0,0,340,0,0,0,0,0,0,0,0,0,0,0,0,0,0,39,0,0,0,0,242,0,0,0,0,11,0,0,0,0,0,0,0,0,0,0,0,0,0,0,0,0,0,0,0,0,0,0,0,0,0,0,0,0,0,0,0,0,0,0,0,0,0,0,0,0,0,0,0,0,0,0,0,0,0,143,0,0,0,0,82,0,0,0,0,0,0,0,0,0,0,0,0,0,0,351,0,0,0,0,3444,0,0,0,0,687,0,0,0,0
cn2_cardart\menagerieliberator.jpg,14077,0,0,0,0,34,0,0,0,0,0,0,0,0,0,0,0,0,0,0,83,0,0,0,0,27,0,0,0,0,0,0,0,0,0,0,0,0,0,0,0,0,0,0,0,0,0,0,0,0,0,0,0,0,0,0,0,0,0,0,0,0,0,0,0,0,0,0,0,0,0,0,0,0,0,0,0,0,0,0,3335,0,0,0,0,4,0,0,0,0,0,0,0,0,0,0,0,0,0,0,3491,0,0,0,0,2572,0,0,0,0,67,0,0,0,0,0,0,0,0,0,0,0,0,0,0,36,0,0,0,0,118,0,0,0,0,18,0,0,0,0,0,0,0,0,0,0,0,0,0,0,0,0,0,0,0,0,0,0,0,0,0,0,0,0,0,0,0,0,0,0,0,0,0,0,0,0,0,0,0,0,387,0,0,0,0,1922,0,0,0,0,34,0,0,0,0,0,0,0,0,0,33,0,0,0,0,2124,0,0,0,0,3225,0,0,0,0,657,0,0,0,0,0,0,0,0,0,0,0,0,0,0,19,0,0,0,0,269,0,0,0,0,0,0,0,0,0,0,0,0,0,0,0,0,0,0,0,0,0,0,0,0,0,0,0,0,0,1,0,0,0,0,0,0,0,0,0,0,0,0,0,0,0,0,0,0,0,326,0,0,0,0,1165,0,0,0,0,14,0,0,0,0,0,0,0,0,0,12,0,0,0,0,1023,0,0,0,0,1663,0,0,0,0
cn2_cardart\nessianasp.jpg,10305,0,0,0,0,1,0,0,0,0,0,0,0,0,0,0,0,0,0,0,440,0,0,0,0,0,0,0,0,0,0,0,0,0,0,0,0,0,0,0,0,0,0,0,0,0,0,0,0,0,0,0,0,0,0,0,0,0,0,0,0,0,0,0,0,0,0,0,0,0,0,0,0,0,0,0,0,0,0,0,3013,0,0,0,0,139,0,0,0,0,0,0,0,0,0,0,0,0,0,0,5793,0,0,0,0,3011,0,0,0,0,10,0,0,0,0,0,0,0,0,0,92,0,0,0,0,445,0,0,0,0,50,0,0,0,0,0,0,0,0,0,0,0,0,0,0,0,0,0,0,0,0,0,0,0,0,0,0,0,0,0,42,0,0,0,0,70,0,0,0,0,0,0,0,0,0,0,0,0,0,0,480,0,0,0,0,1436,0,0,0,0,57,0,0,0,0,0,0,0,0,0,594,0,0,0,0,3886,0,0,0,0,3525,0,0,0,0,61,0,0,0,0,1,0,0,0,0,27,0,0,0,0,487,0,0,0,0,123,0,0,0,0,0,0,0,0,0,0,0,0,0,0,0,0,0,0,0,0,0,0,0,0,0,0,0,0,0,35,0,0,0,0,53,0,0,0,0,0,0,0,0,0,0,0,0,0,0,143,0,0,0,0,278,0,0,0,0,34,0,0,0,0,0,0,0,0,0,276,0,0,0,0,942,0,0,0,0,887,0,0,0,0
cn2_cardart\netcasterspider.jpg,24419,0,0,0,0,318,0,0,0,0,0,0,0,0,0,0,0,0,0,0,125,0,0,0,0,634,0,0,0,0,0,0,0,0,0,0,0,0,0,0,0,0,0,0,0,0,0,0,0,0,0,0,0,0,0,0,0,0,0,0,0,0,0,0,0,0,0,0,0,0,0,0,0,0,0,0,0,0,0,0,5,0,0,0,0,2,0,0,0,0,0,0,0,0,0,0,0,0,0,0,36,0,0,0,0,8293,0,0,0,0,197,0,0,0,0,0,0,0,0,0,0,0,0,0,0,12,0,0,0,0,139,0,0,0,0,0,0,0,0,0,0,0,0,0,0,0,0,0,0,0,0,0,0,0,0,0,0,0,0,0,0,0,0,0,0,0,0,0,0,0,0,0,0,0,0,0,0,0,0,0,0,0,0,0,0,0,0,0,0,0,2,0,0,0,0,0,0,0,0,0,0,0,0,0,0,4,0,0,0,0,2330,0,0,0,0,20,0,0,0,0,0,0,0,0,0,0,0,0,0,0,4,0,0,0,0,20,0,0,0,0,0,0,0,0,0,0,0,0,0,0,0,0,0,0,0,0,0,0,0,0,0,0,0,0,0,0,0,0,0,0,0,0,0,0,0,0,0,0,0,0,0,0,0,0,0,0,0,0,0,0,0,0,0,0,0,0,0,0,0,0,0,0,0,0,0,0,0,0,0,0,5,0,0,0,0,171,0,0,0,0
cn2_cardart\ogresentry.jpg,7688,0,0,0,0,0,0,0,0,0,0,0,0,0,0,0,0,0,0,0,0,0,0,0,0,0,0,0,0,0,0,0,0,0,0,0,0,0,0,0,0,0,0,0,0,0,0,0,0,0,0,0,0,0,0,0,0,0,0,0,0,0,0,0,0,0,0,0,0,0,0,0,0,0,0,0,0,0,0,0,9050,0,0,0,0,83,0,0,0,0,0,0,0,0,0,0,0,0,0,0,615,0,0,0,0,456,0,0,0,0,0,0,0,0,0,0,0,0,0,0,0,0,0,0,0,0,0,0,0,0,0,0,0,0,0,0,0,0,0,0,0,0,0,0,0,0,0,0,0,0,0,0,0,0,0,0,0,0,0,0,2135,0,0,0,0,0,0,0,0,0,0,0,0,0,0,0,0,0,0,0,2329,0,0,0,0,1053,0,0,0,0,48,0,0,0,0,0,0,0,0,0,222,0,0,0,0,642,0,0,0,0,481,0,0,0,0,0,0,0,0,0,0,0,0,0,0,0,0,0,0,0,0,0,0,0,0,0,0,0,0,0,0,0,0,0,0,0,0,0,0,0,0,0,0,0,0,0,0,0,0,0,977,0,0,0,0,37,0,0,0,0,0,0,0,0,0,0,0,0,0,0,1781,0,0,0,0,2737,0,0,0,0,667,0,0,0,0,1,0,0,0,0,2,0,0,0,0,686,0,0,0,0,4323,0,0,0,0,723,0,0,0,0
cn2_cardart\opalineunicorn.jpg,12849,0,0,0,0,0,0,0,0,0,0,0,0,0,0,0,0,0,0,0,0,0,0,0,0,0,0,0,0,0,0,0,0,0,0,0,0,0,0,0,0,0,0,0,0,0,0,0,0,0,0,0,0,0,0,0,0,0,0,0,0,0,0,0,0,0,0,0,0,0,0,0,0,0,0,0,0,0,0,0,4203,0,0,0,0,28,0,0,0,0,0,0,0,0,0,0,0,0,0,0,2690,0,0,0,0,1429,0,0,0,0,0,0,0,0,0,0,0,0,0,0,0,0,0,0,0,0,0,0,0,0,0,0,0,0,0,0,0,0,0,0,0,0,0,0,0,0,0,0,0,0,0,0,0,0,0,0,0,0,0,0,74,0,0,0,0,1,0,0,0,0,0,0,0,0,0,0,0,0,0,0,1229,0,0,0,0,4694,0,0,0,0,6,0,0,0,0,0,0,0,0,0,14,0,0,0,0,2479,0,0,0,0,2240,0,0,0,0,0,0,0,0,0,0,0,0,0,0,1,0,0,0,0,9,0,0,0,0,0,0,0,0,0,0,0,0,0,0,0,0,0,0,0,0,0,0,0,0,0,0,0,0,0,0,0,0,0,0,2,0,0,0,0,0,0,0,0,0,0,0,0,0,0,1,0,0,0,0,342,0,0,0,0,1943,0,0,0,0,0,0,0,0,0,0,0,0,0,0,8,0,0,0,0,1776,0,0,0,0,718,0,0,0,0
cn2_cardart\orchardelemental.jpg,14007,0,0,0,0,0,0,0,0,0,0,0,0,0,0,0,0,0,0,0,3044,0,0,0,0,724,0,0,0,0,0,0,0,0,0,0,0,0,0,0,0,0,0,0,0,0,0,0,0,0,0,0,0,0,0,0,0,0,0,0,0,0,0,0,0,0,0,0,0,0,0,0,0,0,0,0,0,0,0,0,53,0,0,0,0,0,0,0,0,0,0,0,0,0,0,0,0,0,0,0,2339,0,0,0,0,4225,0,0,0,0,9,0,0,0,0,0,0,0,0,0,153,0,0,0,0,1104,0,0,0,0,616,0,0,0,0,0,0,0,0,0,0,0,0,0,0,0,0,0,0,0,0,0,0,0,0,0,0,0,0,0,0,0,0,0,0,0,0,0,0,0,0,0,0,0,0,0,0,0,0,0,0,0,0,0,0,90,0,0,0,0,0,0,0,0,0,0,0,0,0,0,0,0,0,0,0,781,0,0,0,0,4093,0,0,0,0,2410,0,0,0,0,0,0,0,0,0,2,0,0,0,0,140,0,0,0,0,1896,0,0,0,0,0,0,0,0,0,0,0,0,0,0,0,0,0,0,0,0,0,0,0,0,0,0,0,0,0,0,0,0,0,0,0,0,0,0,0,0,0,0,0,0,0,0,0,0,0,0,0,0,0,0,130,0,0,0,0,16,0,0,0,0,0,0,0,0,0,0,0,0,0,0,113,0,0,0,0,791,0,0,0,0
cn2_cardart\overrun.jpg,9200,0,0,0,0,0,0,0,0,0,0,0,0,0,0,0,0,0,0,0,181,0,0,0,0,12,0,0,0,0,0,0,0,0,0,0,0,0,0,0,0,0,0,0,0,0,0,0,0,0,0,0,0,0,0,0,0,0,0,0,0,0,0,0,0,0,0,0,0,0,0,0,0,0,0,0,0,0,0,0,2260,0,0,0,0,0,0,0,0,0,0,0,0,0,0,0,0,0,0,0,4017,0,0,0,0,3142,0,0,0,0,0,0,0,0,0,0,0,0,0,0,4,0,0,0,0,280,0,0,0,0,6,0,0,0,0,0,0,0,0,0,0,0,0,0,0,0,0,0,0,0,0,0,0,0,0,0,0,0,0,0,218,0,0,0,0,0,0,0,0,0,0,0,0,0,0,0,0,0,0,0,1335,0,0,0,0,1391,0,0,0,0,1,0,0,0,0,0,0,0,0,0,24,0,0,0,0,4974,0,0,0,0,3342,0,0,0,0,0,0,0,0,0,0,0,0,0,0,13,0,0,0,0,245,0,0,0,0,2,0,0,0,0,0,0,0,0,0,0,0,0,0,0,0,0,0,0,0,0,0,0,0,0,4,0,0,0,0,15,0,0,0,0,0,0,0,0,0,0,0,0,0,0,0,0,0,0,0,783,0,0,0,0,1032,0,0,0,0,0,0,0,0,0,0,0,0,0,0,9,0,0,0,0,3598,0,0,0,0,648,0,0,0,0
cn2_cardart\pharikasmender.jpg,9186,0,0,0,0,99,0,0,0,0,0,0,0,0,0,0,0,0,0,0,908,0,0,0,0,1,0,0,0,0,0,0,0,0,0,0,0,0,0,0,2,0,0,0,0,0,0,0,0,0,0,0,0,0,0,0,0,0,0,0,0,0,0,0,0,0,0,0,0,0,0,0,0,0,0,0,0,0,0,0,4835,0,0,0,0,260,0,0,0,0,0,0,0,0,0,0,0,0,0,0,5587,0,0,0,0,1346,0,0,0,0,0,0,0,0,0,0,0,0,0,0,434,0,0,0,0,2139,0,0,0,0,3,0,0,0,0,0,0,0,0,0,0,0,0,0,0,88,0,0,0,0,0,0,0,0,0,0,0,0,0,0,3,0,0,0,0,0,0,0,0,0,0,0,0,0,0,0,0,0,0,0,1516,0,0,0,0,1763,0,0,0,0,33,0,0,0,0,0,0,0,0,0,1404,0,0,0,0,3608,0,0,0,0,618,0,0,0,0,0,0,0,0,0,7,0,0,0,0,854,0,0,0,0,173,0,0,0,0,0,0,0,0,0,0,0,0,0,0,0,0,0,0,0,0,0,0,0,0,0,0,0,0,0,0,0,0,0,0,14,0,0,0,0,0,0,0,0,0,0,0,0,0,0,274,0,0,0,0,413,0,0,0,0,376,0,0,0,0,0,0,0,0,0,145,0,0,0,0,338,0,0,0,0,309,0,0,0,0,0,0,0,0,0
cn2_cardart\platinumangel.jpg,2461,0,0,0,0,12,0,0,0,0,0,0,0,0,0,0,0,0,0,0,52,0,0,0,0,408,0,0,0,0,1,0,0,0,0,0,0,0,0,0,0,0,0,0,0,0,0,0,0,0,1,0,0,0,0,0,0,0,0,0,0,0,0,0,0,0,0,0,0,0,0,0,0,0,0,0,0,0,0,0,45,0,0,0,0,2,0,0,0,0,0,0,0,0,0,0,0,0,0,0,17,0,0,0,0,2972,0,0,0,0,14,0,0,0,0,0,0,0,0,0,0,0,0,0,0,152,0,0,0,0,422,0,0,0,0,0,0,0,0,0,0,0,0,0,0,0,0,0,0,0,0,0,0,0,0,0,0,0,0,0,0,0,0,0,0,0,0,0,0,0,0,0,0,0,0,0,0,0,0,0,0,0,0,0,0,5659,0,0,0,0,901,0,0,0,0,0,0,0,0,0,4,0,0,0,0,218,0,0,0,0,13951,0,0,0,0,23,0,0,0,0,0,0,0,0,0,0,0,0,0,0,302,0,0,0,0,281,0,0,0,0,0,0,0,0,0,0,0,0,0,0,0,0,0,0,0,0,0,0,0,0,0,0,0,0,0,0,0,0,0,0,0,0,0,0,0,0,0,0,0,0,1,0,0,0,0,20,0,0,0,0,2635,0,0,0,0,6,0,0,0,0,0,0,0,0,0,22,0,0,0,0,599,0,0,0,0,5555,0,0,0,0
cn2_cardart\plummet.jpg,7460,0,0,0,0,44,0,0,0,0,1,0,0,0,0,0,0,0,0,0,427,0,0,0,0,724,0,0,0,0,14,0,0,0,0,0,0,0,0,0,0,0,0,0,0,5,0,0,0,0,0,0,0,0,0,0,0,0,0,0,0,0,0,0,0,0,0,0,0,0,0,0,0,0,0,0,0,0,0,0,284,0,0,0,0,23,0,0,0,0,1,0,0,0,0,0,0,0,0,0,344,0,0,0,0,1463,0,0,0,0,249,0,0,0,0,0,0,0,0,0,1,0,0,0,0,1740,0,0,0,0,1727,0,0,0,0,49,0,0,0,0,0,0,0,0,0,0,0,0,0,0,0,0,0,0,0,0,0,0,0,0,7,0,0,0,0,0,0,0,0,0,0,0,0,0,0,0,0,0,0,0,11,0,0,0,0,110,0,0,0,0,39,0,0,0,0,0,0,0,0,0,0,0,0,0,0,198,0,0,0,0,4230,0,0,0,0,697,0,0,0,0,0,0,0,0,0,3,0,0,0,0,2199,0,0,0,0,5469,0,0,0,0,0,0,0,0,0,0,0,0,0,0,0,0,0,0,0,0,0,0,0,0,0,0,0,0,0,7,0,0,0,0,1,0,0,0,0,0,0,0,0,0,0,0,0,0,0,19,0,0,0,0,70,0,0,0,0,46,0,0,0,0,0,0,0,0,0,0,0,0,0,0,775,0,0,0,0,8299,0,0,0,0
cn2_cardart\preyupon.jpg,20289,0,0,0,0,0,0,0,0,0,0,0,0,0,0,0,0,0,0,0,3458,0,0,0,0,713,0,0,0,0,0,0,0,0,0,0,0,0,0,0,0,0,0,0,0,8,0,0,0,0,0,0,0,0,0,0,0,0,0,0,0,0,0,0,0,0,0,0,0,0,0,0,0,0,0,0,0,0,0,0,14,0,0,0,0,0,0,0,0,0,0,0,0,0,0,0,0,0,0,0,1591,0,0,0,0,5220,0,0,0,0,0,0,0,0,0,0,0,0,0,0,5,0,0,0,0,2343,0,0,0,0,505,0,0,0,0,0,0,0,0,0,0,0,0,0,0,0,0,0,0,0,0,0,0,0,0,0,0,0,0,0,0,0,0,0,0,0,0,0,0,0,0,0,0,0,0,0,0,0,0,0,0,0,0,0,0,2,0,0,0,0,0,0,0,0,0,0,0,0,0,0,0,0,0,0,0,518,0,0,0,0,1254,0,0,0,0,0,0,0,0,0,0,0,0,0,0,0,0,0,0,0,578,0,0,0,0,129,0,0,0,0,0,0,0,0,0,0,0,0,0,0,0,0,0,0,0,0,0,0,0,0,0,0,0,0,0,0,0,0,0,0,0,0,0,0,0,0,0,0,0,0,0,0,0,0,0,0,0,0,0,0,0,0,0,0,0,0,0,0,0,0,0,0,0,0,0,0,0,0,0,0,32,0,0,0,0,77,0,0,0,0
cn2_cardart\psychosiscrawler.jpg,16597,0,0,0,0,56,0,0,0,0,0,0,0,0,0,0,0,0,0,0,1265,0,0,0,0,3909,0,0,0,0,113,0,0,0,0,0,0,0,0,0,0,0,0,0,0,230,0,0,0,0,422,0,0,0,0,82,0,0,0,0,0,0,0,0,0,0,0,0,0,0,0,0,0,0,0,6,0,0,0,0,3,0,0,0,0,1,0,0,0,0,0,0,0,0,0,0,0,0,0,0,27,0,0,0,0,2773,0,0,0,0,32,0,0,0,0,0,0,0,0,0,0,0,0,0,0,2028,0,0,0,0,2303,0,0,0,0,31,0,0,0,0,0,0,0,0,0,0,0,0,0,0,42,0,0,0,0,77,0,0,0,0,0,0,0,0,0,0,0,0,0,0,0,0,0,0,0,0,0,0,0,0,0,0,0,0,0,9,0,0,0,0,1,0,0,0,0,0,0,0,0,0,0,0,0,0,0,156,0,0,0,0,2561,0,0,0,0,8,0,0,0,0,0,0,0,0,0,0,0,0,0,0,770,0,0,0,0,692,0,0,0,0,0,0,0,0,0,0,0,0,0,0,0,0,0,0,0,0,0,0,0,0,0,0,0,0,0,0,0,0,0,0,0,0,0,0,0,0,0,0,0,0,0,0,0,0,0,0,0,0,0,0,10,0,0,0,0,0,0,0,0,0,0,0,0,0,0,0,0,0,0,0,184,0,0,0,0,2348,0,0,0,0
cn2_cardart\pyretichunter.jpg,18714,0,0,0,0,107,0,0,0,0,0,0,0,0,0,0,0,0,0,0,13,0,0,0,0,21,0,0,0,0,0,0,0,0,0,0,0,0,0,0,0,0,0,0,0,0,0,0,0,0,0,0,0,0,0,0,0,0,0,0,0,0,0,0,0,0,0,0,0,0,0,0,0,0,0,0,0,0,0,0,9159,0,0,0,0,496,0,0,0,0,0,0,0,0,0,0,0,0,0,0,40,0,0,0,0,962,0,0,0,0,0,0,0,0,0,0,0,0,0,0,0,0,0,0,0,0,0,0,0,0,0,0,0,0,0,0,0,0,0,0,0,0,0,0,0,0,0,0,0,0,0,0,0,0,0,0,0,0,0,0,2614,0,0,0,0,417,0,0,0,0,0,0,0,0,0,0,0,0,0,0,422,0,0,0,0,1543,0,0,0,0,0,0,0,0,0,0,0,0,0,0,1,0,0,0,0,0,0,0,0,0,0,0,0,0,0,0,0,0,0,0,0,0,0,0,0,0,0,0,0,0,0,0,0,0,0,0,0,0,0,0,73,0,0,0,0,24,0,0,0,0,0,0,0,0,0,0,0,0,0,0,245,0,0,0,0,741,0,0,0,0,0,0,0,0,0,0,0,0,0,0,14,0,0,0,0,840,0,0,0,0,27,0,0,0,0,0,0,0,0,0,0,0,0,0,0,160,0,0,0,0,103,0,0,0,0,0,0,0,0,0
cn2_cardart\queenmarchesa.jpg,30928,0,0,0,0,10,0,0,0,0,0,0,0,0,0,0,0,0,0,0,140,0,0,0,0,11,0,0,0,0,0,0,0,0,0,0,0,0,0,0,0,0,0,0,0,0,0,0,0,0,0,0,0,0,0,0,0,0,0,0,0,0,0,0,0,0,0,0,0,0,0,0,0,0,0,0,0,0,0,0,3368,0,0,0,0,22,0,0,0,0,0,0,0,0,0,0,0,0,0,0,900,0,0,0,0,268,0,0,0,0,3,0,0,0,0,0,0,0,0,0,0,0,0,0,0,40,0,0,0,0,26,0,0,0,0,0,0,0,0,0,0,0,0,0,0,0,0,0,0,0,0,0,0,0,0,0,0,0,0,0,5,0,0,0,0,2,0,0,0,0,0,0,0,0,0,0,0,0,0,0,142,0,0,0,0,207,0,0,0,0,3,0,0,0,0,0,0,0,0,0,4,0,0,0,0,208,0,0,0,0,197,0,0,0,0,2,0,0,0,0,0,0,0,0,0,0,0,0,0,0,37,0,0,0,0,12,0,0,0,0,0,0,0,0,0,0,0,0,0,0,0,0,0,0,0,0,0,0,0,0,0,0,0,0,0,1,0,0,0,0,1,0,0,0,0,0,0,0,0,0,0,0,0,0,0,15,0,0,0,0,80,0,0,0,0,0,0,0,0,0,0,0,0,0,0,0,0,0,0,0,72,0,0,0,0,32,0,0,0,0
cn2_cardart\ravenousleucrocota.jpg,6341,0,0,0,0,55,0,0,0,0,0,0,0,0,0,0,0,0,0,0,585,0,0,0,0,71,0,0,0,0,8,0,0,0,0,139,0,0,0,0,0,0,0,0,0,0,0,0,0,0,13,0,0,0,0,71,0,0,0,0,0,0,0,0,0,0,0,0,0,0,0,0,0,0,0,0,0,0,0,0,2667,0,0,0,0,72,0,0,0,0,0,0,0,0,0,0,0,0,0,0,2142,0,0,0,0,1682,0,0,0,0,226,0,0,0,0,0,0,0,0,0,21,0,0,0,0,459,0,0,0,0,2091,0,0,0,0,5033,0,0,0,0,0,0,0,0,0,0,0,0,0,0,0,0,0,0,0,3907,0,0,0,0,158,0,0,0,0,2,0,0,0,0,0,0,0,0,0,0,0,0,0,0,473,0,0,0,0,1005,0,0,0,0,42,0,0,0,0,0,0,0,0,0,20,0,0,0,0,1161,0,0,0,0,1456,0,0,0,0,441,0,0,0,0,0,0,0,0,0,10,0,0,0,0,134,0,0,0,0,4972,0,0,0,0,0,0,0,0,0,0,0,0,0,0,0,0,0,0,0,0,0,0,0,0,1,0,0,0,0,81,0,0,0,0,0,0,0,0,0,0,0,0,0,0,0,0,0,0,0,367,0,0,0,0,280,0,0,0,0,1,0,0,0,0,0,0,0,0,0,2,0,0,0,0,101,0,0,0,0,446,0,0,0,0
cn2_cardart\regicide.jpg,16988,0,0,0,0,18,0,0,0,0,0,0,0,0,0,0,0,0,0,0,1256,0,0,0,0,2668,0,0,0,0,0,0,0,0,0,0,0,0,0,0,0,0,0,0,0,8,0,0,0,0,0,0,0,0,0,0,0,0,0,0,0,0,0,0,0,0,0,0,0,0,0,0,0,0,0,0,0,0,0,0,2865,0,0,0,0,104,0,0,0,0,0,0,0,0,0,0,0,0,0,0,1006,0,0,0,0,4473,0,0,0,0,21,0,0,0,0,0,0,0,0,0,0,0,0,0,0,650,0,0,0,0,1715,0,0,0,0,0,0,0,0,0,0,0,0,0,0,0,0,0,0,0,1,0,0,0,0,0,0,0,0,0,62,0,0,0,0,52,0,0,0,0,0,0,0,0,0,0,0,0,0,0,113,0,0,0,0,481,0,0,0,0,30,0,0,0,0,0,0,0,0,0,0,0,0,0,0,238,0,0,0,0,2356,0,0,0,0,9,0,0,0,0,0,0,0,0,0,0,0,0,0,0,198,0,0,0,0,581,0,0,0,0,0,0,0,0,0,0,0,0,0,0,0,0,0,0,0,0,0,0,0,0,0,0,0,0,0,45,0,0,0,0,16,0,0,0,0,0,0,0,0,0,0,0,0,0,0,76,0,0,0,0,152,0,0,0,0,51,0,0,0,0,0,0,0,0,0,0,0,0,0,0,46,0,0,0,0,457,0,0,0,0
cn2_cardart\roguespassage.jpg,15032,0,0,0,0,150,0,0,0,0,0,0,0,0,0,0,0,0,0,0,3739,0,0,0,0,4944,0,0,0,0,0,0,0,0,0,0,0,0,0,0,0,0,0,0,0,132,0,0,0,0,0,0,0,0,0,0,0,0,0,0,0,0,0,0,0,0,0,0,0,0,0,0,0,0,0,0,0,0,0,0,817,0,0,0,0,2,0,0,0,0,0,0,0,0,0,0,0,0,0,0,853,0,0,0,0,5137,0,0,0,0,238,0,0,0,0,0,0,0,0,0,0,0,0,0,0,1051,0,0,0,0,2099,0,0,0,0,0,0,0,0,0,0,0,0,0,0,0,0,0,0,0,82,0,0,0,0,0,0,0,0,0,0,0,0,0,0,0,0,0,0,0,0,0,0,0,0,0,0,0,0,0,195,0,0,0,0,91,0,0,0,0,0,0,0,0,0,0,0,0,0,0,48,0,0,0,0,77,0,0,0,0,1207,0,0,0,0,31,0,0,0,0,0,0,0,0,0,0,0,0,0,0,308,0,0,0,0,418,0,0,0,0,0,0,0,0,0,0,0,0,0,0,0,0,0,0,0,0,0,0,0,0,0,0,0,0,0,0,0,0,0,0,0,0,0,0,0,0,0,0,0,0,7,0,0,0,0,40,0,0,0,0,5,0,0,0,0,0,0,0,0,0,0,0,0,0,0,1,0,0,0,0,1,0,0,0,0,31,0,0,0,0
cn2_cardart\runedservitor.jpg,9615,0,0,0,0,192,0,0,0,0,0,0,0,0,0,0,0,0,0,0,243,0,0,0,0,307,0,0,0,0,2,0,0,0,0,0,0,0,0,0,0,0,0,0,0,0,0,0,0,0,0,0,0,0,0,0,0,0,0,0,0,0,0,0,0,0,0,0,0,0,0,0,0,0,0,0,0,0,0,0,5054,0,0,0,0,145,0,0,0,0,0,0,0,0,0,0,0,0,0,0,3069,0,0,0,0,3266,0,0,0,0,252,0,0,0,0,0,0,0,0,0,0,0,0,0,0,1,0,0,0,0,521,0,0,0,0,402,0,0,0,0,0,0,0,0,0,0,0,0,0,0,0,0,0,0,0,0,0,0,0,0,0,0,0,0,0,0,0,0,0,0,0,0,0,0,0,0,0,0,0,0,232,0,0,0,0,2425,0,0,0,0,69,0,0,0,0,0,0,0,0,0,0,0,0,0,0,1314,0,0,0,0,1203,0,0,0,0,1115,0,0,0,0,0,0,0,0,0,0,0,0,0,0,2,0,0,0,0,1621,0,0,0,0,0,0,0,0,0,0,0,0,0,0,0,0,0,0,0,0,0,0,0,0,0,0,0,0,0,0,0,0,0,0,0,0,0,0,0,0,0,0,0,0,0,0,0,0,0,249,0,0,0,0,1094,0,0,0,0,0,0,0,0,0,0,0,0,0,0,1,0,0,0,0,1831,0,0,0,0,2511,0,0,0,0
cn2_cardart\selvalasstampede.jpg,15935,0,0,0,0,681,0,0,0,0,0,0,0,0,0,0,0,0,0,0,347,0,0,0,0,960,0,0,0,0,0,0,0,0,0,0,0,0,0,0,0,0,0,0,0,0,0,0,0,0,0,0,0,0,0,0,0,0,0,0,0,0,0,0,0,0,0,0,0,0,0,0,0,0,0,0,0,0,0,0,3122,0,0,0,0,12,0,0,0,0,0,0,0,0,0,0,0,0,0,0,1926,0,0,0,0,5196,0,0,0,0,209,0,0,0,0,0,0,0,0,0,0,0,0,0,0,207,0,0,0,0,308,0,0,0,0,39,0,0,0,0,0,0,0,0,0,0,0,0,0,0,0,0,0,0,0,0,0,0,0,0,110,0,0,0,0,0,0,0,0,0,0,0,0,0,0,0,0,0,0,0,346,0,0,0,0,947,0,0,0,0,3,0,0,0,0,0,0,0,0,0,6,0,0,0,0,1000,0,0,0,0,2494,0,0,0,0,791,0,0,0,0,0,0,0,0,0,0,0,0,0,0,71,0,0,0,0,301,0,0,0,0,0,0,0,0,0,0,0,0,0,0,0,0,0,0,0,0,0,0,0,0,16,0,0,0,0,12,0,0,0,0,0,0,0,0,0,0,0,0,0,0,3,0,0,0,0,67,0,0,0,0,254,0,0,0,0,3,0,0,0,0,0,0,0,0,0,2,0,0,0,0,357,0,0,0,0,1011,0,0,0,0
cn2_cardart\shimmeringgrotto.jpg,20582,0,0,0,0,230,0,0,0,0,0,0,0,0,0,0,0,0,0,0,649,0,0,0,0,688,0,0,0,0,0,0,0,0,0,0,0,0,0,0,0,0,0,0,0,0,0,0,0,0,0,0,0,0,0,0,0,0,0,0,0,0,0,0,0,0,0,0,0,0,0,0,0,0,0,0,0,0,0,0,104,0,0,0,0,3,0,0,0,0,0,0,0,0,0,0,0,0,0,0,845,0,0,0,0,8378,0,0,0,0,317,0,0,0,0,0,0,0,0,0,2,0,0,0,0,249,0,0,0,0,310,0,0,0,0,0,0,0,0,0,0,0,0,0,0,0,0,0,0,0,0,0,0,0,0,0,0,0,0,0,0,0,0,0,0,0,0,0,0,0,0,0,0,0,0,0,0,0,0,0,0,0,0,0,0,36,0,0,0,0,6,0,0,0,0,0,0,0,0,0,0,0,0,0,0,565,0,0,0,0,3360,0,0,0,0,90,0,0,0,0,0,0,0,0,0,3,0,0,0,0,9,0,0,0,0,33,0,0,0,0,0,0,0,0,0,0,0,0,0,0,0,0,0,0,0,0,0,0,0,0,0,0,0,0,0,0,0,0,0,0,0,0,0,0,0,0,0,0,0,0,0,0,0,0,0,0,0,0,0,0,3,0,0,0,0,4,0,0,0,0,0,0,0,0,0,0,0,0,0,0,13,0,0,0,0,257,0,0,0,0
cn2_cardart\shipwrecksinger.jpg,25436,0,0,0,0,2666,0,0,0,0,0,0,0,0,0,0,0,0,0,0,2,0,0,0,0,3967,0,0,0,0,617,0,0,0,0,0,0,0,0,0,0,0,0,0,0,0,0,0,0,0,40,0,0,0,0,0,0,0,0,0,0,0,0,0,0,0,0,0,0,0,0,0,0,0,0,0,0,0,0,0,31,0,0,0,0,47,0,0,0,0,0,0,0,0,0,0,0,0,0,0,7,0,0,0,0,1110,0,0,0,0,795,0,0,0,0,0,0,0,0,0,0,0,0,0,0,0,0,0,0,0,1110,0,0,0,0,139,0,0,0,0,0,0,0,0,0,0,0,0,0,0,0,0,0,0,0,13,0,0,0,0,0,0,0,0,0,0,0,0,0,0,0,0,0,0,0,0,0,0,0,0,0,0,0,0,0,3,0,0,0,0,11,0,0,0,0,0,0,0,0,0,0,0,0,0,0,1,0,0,0,0,286,0,0,0,0,78,0,0,0,0,0,0,0,0,0,0,0,0,0,0,0,0,0,0,0,182,0,0,0,0,0,0,0,0,0,0,0,0,0,0,0,0,0,0,0,0,0,0,0,0,0,0,0,0,0,0,0,0,0,0,0,0,0,0,0,0,0,0,0,0,0,0,0,0,0,0,0,0,0,0,3,0,0,0,0,2,0,0,0,0,0,0,0,0,0,0,0,0,0,0,0,0,0,0,0,190,0,0,0,0
cn2_cardart\splittingslime.jpg,16437,0,0,0,0,2,0,0,0,0,0,0,0,0,0,0,0,0,0,0,476,0,0,0,0,0,0,0,0,0,0,0,0,0,0,0,0,0,0,0,0,0,0,0,0,0,0,0,0,0,0,0,0,0,0,0,0,0,0,0,0,0,0,0,0,0,0,0,0,0,0,0,0,0,0,0,0,0,0,0,1494,0,0,0,0,154,0,0,0,0,0,0,0,0,0,0,0,0,0,0,4752,0,0,0,0,6212,0,0,0,0,1,0,0,0,0,0,0,0,0,0,53,0,0,0,0,215,0,0,0,0,0,0,0,0,0,0,0,0,0,0,0,0,0,0,0,0,0,0,0,0,0,0,0,0,0,0,0,0,0,0,0,0,0,0,0,0,0,0,0,0,0,0,0,0,0,0,0,0,0,0,0,0,0,0,0,1047,0,0,0,0,56,0,0,0,0,0,0,0,0,0,8,0,0,0,0,1748,0,0,0,0,1631,0,0,0,0,0,0,0,0,0,0,0,0,0,0,28,0,0,0,0,106,0,0,0,0,0,0,0,0,0,0,0,0,0,0,0,0,0,0,0,0,0,0,0,0,0,0,0,0,0,0,0,0,0,0,0,0,0,0,0,0,0,0,0,0,0,0,0,0,0,0,0,0,0,0,0,0,0,0,0,666,0,0,0,0,0,0,0,0,0,0,0,0,0,0,2,0,0,0,0,1036,0,0,0,0,612,0,0,0,0
cn2_cardart\spykit.jpg,18491,0,0,0,0,0,0,0,0,0,0,0,0,0,0,0,0,0,0,0,92,0,0,0,0,0,0,0,0,0,0,0,0,0,0,0,0,0,0,0,0,0,0,0,0,0,0,0,0,0,0,0,0,0,0,0,0,0,0,0,0,0,0,0,0,0,0,0,0,0,0,0,0,0,0,0,0,0,0,0,6401,0,0,0,0,0,0,0,0,0,0,0,0,0,0,0,0,0,0,0,784,0,0,0,0,27,0,0,0,0,0,0,0,0,0,0,0,0,0,0,6,0,0,0,0,12,0,0,0,0,0,0,0,0,0,0,0,0,0,0,0,0,0,0,0,0,0,0,0,0,0,0,0,0,0,0,0,0,0,0,630,0,0,0,0,0,0,0,0,0,0,0,0,0,0,0,0,0,0,0,3767,0,0,0,0,58,0,0,0,0,0,0,0,0,0,0,0,0,0,0,299,0,0,0,0,194,0,0,0,0,0,0,0,0,0,0,0,0,0,0,0,0,0,0,0,1,0,0,0,0,1,0,0,0,0,0,0,0,0,0,7,0,0,0,0,0,0,0,0,0,0,0,0,0,0,0,0,0,0,0,104,0,0,0,0,17,0,0,0,0,0,0,0,0,0,0,0,0,0,0,347,0,0,0,0,942,0,0,0,0,11,0,0,0,0,0,0,0,0,0,3,0,0,0,0,1494,0,0,0,0,3048,0,0,0,0,0,0,0,0,0
cn2_cardart\stoneshockgiant.jpg,8218,0,0,0,0,217,0,0,0,0,0,0,0,0,0,0,0,0,0,0,8,0,0,0,0,309,0,0,0,0,70,0,0,0,0,2,0,0,0,0,0,0,0,0,0,0,0,0,0,0,202,0,0,0,0,515,0,0,0,0,0,0,0,0,0,0,0,0,0,0,0,0,0,0,0,1,0,0,0,0,2089,0,0,0,0,258,0,0,0,0,0,0,0,0,0,0,0,0,0,0,322,0,0,0,0,8853,0,0,0,0,373,0,0,0,0,0,0,0,0,0,0,0,0,0,0,6,0,0,0,0,703,0,0,0,0,431,0,0,0,0,0,0,0,0,0,0,0,0,0,0,0,0,0,0,0,339,0,0,0,0,182,0,0,0,0,0,0,0,0,0,0,0,0,0,0,0,0,0,0,0,160,0,0,0,0,1317,0,0,0,0,186,0,0,0,0,0,0,0,0,0,0,0,0,0,0,296,0,0,0,0,5359,0,0,0,0,415,0,0,0,0,0,0,0,0,0,0,0,0,0,0,67,0,0,0,0,1853,0,0,0,0,2,0,0,0,0,0,0,0,0,0,0,0,0,0,0,0,0,0,0,0,25,0,0,0,0,20,0,0,0,0,0,0,0,0,0,0,0,0,0,0,0,0,0,0,0,14,0,0,0,0,557,0,0,0,0,42,0,0,0,0,0,0,0,0,0,0,0,0,0,0,452,0,0,0,0,2873,0,0,0,0
cn2_cardart\stormchaserchimera.jpg,11991,0,0,0,0,113,0,0,0,0,0,0,0,0,0,0,0,0,0,0,199,0,0,0,0,701,0,0,0,0,0,0,0,0,0,0,0,0,0,0,0,0,0,0,0,0,0,0,0,0,0,0,0,0,0,0,0,0,0,0,0,0,0,0,0,0,0,0,0,0,0,0,0,0,0,0,0,0,0,0,1489,0,0,0,0,1,0,0,0,0,0,0,0,0,0,0,0,0,0,0,1236,0,0,0,0,6867,0,0,0,0,114,0,0,0,0,0,0,0,0,0,0,0,0,0,0,214,0,0,0,0,1052,0,0,0,0,0,0,0,0,0,0,0,0,0,0,0,0,0,0,0,0,0,0,0,0,0,0,0,0,0,0,0,0,0,0,0,0,0,0,0,0,0,0,0,0,0,0,0,0,0,3,0,0,0,0,942,0,0,0,0,1,0,0,0,0,0,0,0,0,0,0,0,0,0,0,799,0,0,0,0,6421,0,0,0,0,46,0,0,0,0,0,0,0,0,0,0,0,0,0,0,420,0,0,0,0,402,0,0,0,0,0,0,0,0,0,0,0,0,0,0,0,0,0,0,0,0,0,0,0,0,0,0,0,0,0,0,0,0,0,0,0,0,0,0,0,0,0,0,0,0,0,0,0,0,0,0,0,0,0,0,73,0,0,0,0,0,0,0,0,0,0,0,0,0,0,0,0,0,0,0,532,0,0,0,0,3120,0,0,0,0
cn2_cardart\strengthinnumbers.jpg,6154,0,0,0,0,12,0,0,0,0,0,0,0,0,0,0,0,0,0,0,89,0,0,0,0,1,0,0,0,0,0,0,0,0,0,0,0,0,0,0,0,0,0,0,0,0,0,0,0,0,0,0,0,0,0,0,0,0,0,0,0,0,0,0,0,0,0,0,0,0,0,0,0,0,0,0,0,0,0,0,1817,0,0,0,0,507,0,0,0,0,0,0,0,0,0,0,0,0,0,0,2444,0,0,0,0,2654,0,0,0,0,8,0,0,0,0,0,0,0,0,0,1,0,0,0,0,103,0,0,0,0,0,0,0,0,0,0,0,0,0,0,0,0,0,0,0,0,0,0,0,0,0,0,0,0,0,0,0,0,0,0,54,0,0,0,0,41,0,0,0,0,0,0,0,0,0,0,0,0,0,0,137,0,0,0,0,1827,0,0,0,0,211,0,0,0,0,0,0,0,0,0,7,0,0,0,0,3080,0,0,0,0,2511,0,0,0,0,0,0,0,0,0,0,0,0,0,0,0,0,0,0,0,83,0,0,0,0,0,0,0,0,0,0,0,0,0,0,0,0,0,0,0,0,0,0,0,0,0,0,0,0,0,0,0,0,0,0,85,0,0,0,0,29,0,0,0,0,0,0,0,0,0,0,0,0,0,0,460,0,0,0,0,2220,0,0,0,0,42,0,0,0,0,0,0,0,0,0,43,0,0,0,0,3610,0,0,0,0,8506,0,0,0,0
cn2_cardart\sulfurousblast.jpg,4145,0,0,0,0,102,0,0,0,0,0,0,0,0,0,0,0,0,0,0,60,0,0,0,0,1096,0,0,0,0,183,0,0,0,0,0,0,0,0,0,0,0,0,0,0,63,0,0,0,0,2328,0,0,0,0,401,0,0,0,0,0,0,0,0,0,0,0,0,0,0,3,0,0,0,0,76,0,0,0,0,3986,0,0,0,0,6,0,0,0,0,0,0,0,0,0,0,0,0,0,0,679,0,0,0,0,2888,0,0,0,0,157,0,0,0,0,0,0,0,0,0,0,0,0,0,0,128,0,0,0,0,3734,0,0,0,0,458,0,0,0,0,0,0,0,0,0,0,0,0,0,0,22,0,0,0,0,954,0,0,0,0,4087,0,0,0,0,9,0,0,0,0,0,0,0,0,0,0,0,0,0,0,2628,0,0,0,0,1654,0,0,0,0,4,0,0,0,0,0,0,0,0,0,0,0,0,0,0,1281,0,0,0,0,1930,0,0,0,0,59,0,0,0,0,0,0,0,0,0,0,0,0,0,0,44,0,0,0,0,693,0,0,0,0,93,0,0,0,0,0,0,0,0,0,0,0,0,0,0,0,0,0,0,0,1255,0,0,0,0,525,0,0,0,0,0,0,0,0,0,0,0,0,0,0,7,0,0,0,0,299,0,0,0,0,374,0,0,0,0,2,0,0,0,0,0,0,0,0,0,0,0,0,0,0,83,0,0,0,0,240,0,0,0,0
cn2_cardart\summonersbond.jpg,6353,0,0,0,0,5,0,0,0,0,0,0,0,0,0,0,0,0,0,0,438,0,0,0,0,49,0,0,0,0,0,0,0,0,0,0,0,0,0,0,0,0,0,0,0,0,0,0,0,0,0,0,0,0,0,0,0,0,0,0,0,0,0,0,0,0,0,0,0,0,0,0,0,0,0,0,0,0,0,0,4325,0,0,0,0,1,0,0,0,0,0,0,0,0,0,0,0,0,0,0,4084,0,0,0,0,3550,0,0,0,0,0,0,0,0,0,0,0,0,0,0,0,0,0,0,0,58,0,0,0,0,4,0,0,0,0,0,0,0,0,0,0,0,0,0,0,0,0,0,0,0,0,0,0,0,0,0,0,0,0,0,677,0,0,0,0,0,0,0,0,0,0,0,0,0,0,0,0,0,0,0,2529,0,0,0,0,4734,0,0,0,0,0,0,0,0,0,0,0,0,0,0,15,0,0,0,0,4005,0,0,0,0,630,0,0,0,0,0,0,0,0,0,0,0,0,0,0,0,0,0,0,0,2,0,0,0,0,0,0,0,0,0,0,0,0,0,0,0,0,0,0,0,0,0,0,0,0,0,0,0,0,0,17,0,0,0,0,114,0,0,0,0,0,0,0,0,0,0,0,0,0,0,76,0,0,0,0,907,0,0,0,0,1934,0,0,0,0,0,0,0,0,0,0,0,0,0,0,1,0,0,0,0,1634,0,0,0,0,594,0,0,0,0
cn2_cardart\sylvanbounty.jpg,22370,0,0,0,0,0,0,0,0,0,0,0,0,0,0,0,0,0,0,0,1809,0,0,0,0,0,0,0,0,0,0,0,0,0,0,0,0,0,0,0,0,0,0,0,0,0,0,0,0,0,0,0,0,0,0,0,0,0,0,0,0,0,0,0,0,0,0,0,0,0,0,0,0,0,0,0,0,0,0,0,480,0,0,0,0,1,0,0,0,0,0,0,0,0,0,0,0,0,0,0,6740,0,0,0,0,144,0,0,0,0,0,0,0,0,0,0,0,0,0,0,711,0,0,0,0,23,0,0,0,0,0,0,0,0,0,0,0,0,0,0,0,0,0,0,0,0,0,0,0,0,0,0,0,0,0,0,0,0,0,0,0,0,0,0,0,0,0,0,0,0,0,0,0,0,0,0,0,0,0,0,191,0,0,0,0,109,0,0,0,0,0,0,0,0,0,0,0,0,0,0,1519,0,0,0,0,926,0,0,0,0,15,0,0,0,0,0,0,0,0,0,280,0,0,0,0,125,0,0,0,0,1,0,0,0,0,0,0,0,0,0,0,0,0,0,0,0,0,0,0,0,0,0,0,0,0,0,0,0,0,0,0,0,0,0,0,0,0,0,0,0,0,0,0,0,0,0,0,0,0,0,0,0,0,0,0,111,0,0,0,0,69,0,0,0,0,0,0,0,0,0,51,0,0,0,0,663,0,0,0,0,374,0,0,0,0,24,0,0,0,0
cn2_cardart\thornoftheblackrose.jpg,14008,0,0,0,0,1149,0,0,0,0,0,0,0,0,0,0,0,0,0,0,0,0,0,0,0,675,0,0,0,0,761,0,0,0,0,0,0,0,0,0,0,0,0,0,0,0,0,0,0,0,139,0,0,0,0,0,0,0,0,0,0,0,0,0,0,0,0,0,0,0,0,0,0,0,0,0,0,0,0,0,4217,0,0,0,0,573,0,0,0,0,3,0,0,0,0,0,0,0,0,0,1050,0,0,0,0,3030,0,0,0,0,476,0,0,0,0,0,0,0,0,0,0,0,0,0,0,1,0,0,0,0,155,0,0,0,0,0,0,0,0,0,0,0,0,0,0,0,0,0,0,0,0,0,0,0,0,0,0,0,0,0,86,0,0,0,0,35,0,0,0,0,52,0,0,0,0,0,0,0,0,0,404,0,0,0,0,2884,0,0,0,0,212,0,0,0,0,0,0,0,0,0,0,0,0,0,0,902,0,0,0,0,1781,0,0,0,0,184,0,0,0,0,0,0,0,0,0,0,0,0,0,0,3,0,0,0,0,7,0,0,0,0,0,0,0,0,0,0,0,0,0,0,0,0,0,0,0,0,0,0,0,0,0,0,0,0,0,73,0,0,0,0,1,0,0,0,0,1,0,0,0,0,0,0,0,0,0,402,0,0,0,0,1717,0,0,0,0,74,0,0,0,0,0,0,0,0,0,0,0,0,0,0,624,0,0,0,0,1057,0,0,0,0
cn2_cardart\throneofthehighcity.jpg,27877,0,0,0,0,83,0,0,0,0,0,0,0,0,0,0,0,0,0,0,45,0,0,0,0,164,0,0,0,0,0,0,0,0,0,0,0,0,0,0,0,0,0,0,0,0,0,0,0,0,0,0,0,0,0,0,0,0,0,0,0,0,0,0,0,0,0,0,0,0,0,0,0,0,0,0,0,0,0,0,1819,0,0,0,0,20,0,0,0,0,0,0,0,0,0,0,0,0,0,0,964,0,0,0,0,2959,0,0,0,0,95,0,0,0,0,0,0,0,0,0,0,0,0,0,0,5,0,0,0,0,139,0,0,0,0,0,0,0,0,0,0,0,0,0,0,0,0,0,0,0,0,0,0,0,0,0,0,0,0,0,42,0,0,0,0,7,0,0,0,0,0,0,0,0,0,0,0,0,0,0,96,0,0,0,0,437,0,0,0,0,9,0,0,0,0,0,0,0,0,0,0,0,0,0,0,284,0,0,0,0,977,0,0,0,0,73,0,0,0,0,0,0,0,0,0,0,0,0,0,0,3,0,0,0,0,47,0,0,0,0,0,0,0,0,0,0,0,0,0,0,0,0,0,0,0,0,0,0,0,0,0,0,0,0,0,0,0,0,0,0,0,0,0,0,0,0,0,0,0,0,0,0,0,0,0,40,0,0,0,0,138,0,0,0,0,0,0,0,0,0,0,0,0,0,0,0,0,0,0,0,230,0,0,0,0,183,0,0,0,0
cn2_cardart\tormentingvoice.jpg,7822,0,0,0,0,0,0,0,0,0,0,0,0,0,0,0,0,0,0,0,0,0,0,0,0,0,0,0,0,0,0,0,0,0,0,0,0,0,0,0,0,0,0,0,0,0,0,0,0,0,0,0,0,0,0,0,0,0,0,0,0,0,0,0,0,0,0,0,0,0,0,0,0,0,0,0,0,0,0,0,8517,0,0,0,0,2,0,0,0,0,0,0,0,0,0,0,0,0,0,0,1085,0,0,0,0,347,0,0,0,0,0,0,0,0,0,0,0,0,0,0,0,0,0,0,0,0,0,0,0,0,0,0,0,0,0,0,0,0,0,0,0,0,0,0,0,0,0,0,0,0,0,0,0,0,0,0,0,0,0,0,5986,0,0,0,0,2,0,0,0,0,0,0,0,0,0,0,0,0,0,0,679,0,0,0,0,1532,0,0,0,0,1,0,0,0,0,0,0,0,0,0,0,0,0,0,0,522,0,0,0,0,292,0,0,0,0,2,0,0,0,0,0,0,0,0,0,0,0,0,0,0,0,0,0,0,0,0,0,0,0,0,5726,0,0,0,0,18,0,0,0,0,0,0,0,0,0,0,0,0,0,0,1004,0,0,0,0,884,0,0,0,0,0,0,0,0,0,0,0,0,0,0,0,0,0,0,0,471,0,0,0,0,1021,0,0,0,0,0,0,0,0,0,0,0,0,0,0,0,0,0,0,0,511,0,0,0,0,312,0,0,0,0
cn2_cardart\trumpetblast.jpg,8552,0,0,0,0,70,0,0,0,0,0,0,0,0,0,0,0,0,0,0,0,0,0,0,0,1,0,0,0,0,0,0,0,0,0,0,0,0,0,0,0,0,0,0,0,0,0,0,0,0,0,0,0,0,0,0,0,0,0,0,0,0,0,0,0,0,0,0,0,0,0,0,0,0,0,0,0,0,0,0,4812,0,0,0,0,306,0,0,0,0,0,0,0,0,0,0,0,0,0,0,231,0,0,0,0,2784,0,0,0,0,246,0,0,0,0,0,0,0,0,0,0,0,0,0,0,9,0,0,0,0,42,0,0,0,0,0,0,0,0,0,0,0,0,0,0,0,0,0,0,0,0,0,0,0,0,0,0,0,0,0,1003,0,0,0,0,32,0,0,0,0,0,0,0,0,0,0,0,0,0,0,2471,0,0,0,0,2991,0,0,0,0,159,0,0,0,0,0,0,0,0,0,0,0,0,0,0,408,0,0,0,0,8255,0,0,0,0,311,0,0,0,0,0,0,0,0,0,0,0,0,0,0,5,0,0,0,0,64,0,0,0,0,0,0,0,0,0,0,0,0,0,0,0,0,0,0,0,0,0,0,0,0,480,0,0,0,0,138,0,0,0,0,0,0,0,0,0,0,0,0,0,0,67,0,0,0,0,1315,0,0,0,0,874,0,0,0,0,130,0,0,0,0,0,0,0,0,0,0,0,0,0,0,211,0,0,0,0,769,0,0,0,0
cn2_cardart\twinbolt.jpg,6866,0,0,0,0,1572,0,0,0,0,235,0,0,0,0,0,0,0,0,0,8,0,0,0,0,1796,0,0,0,0,1537,0,0,0,0,105,0,0,0,0,0,0,0,0,0,0,0,0,0,0,166,0,0,0,0,1004,0,0,0,0,0,0,0,0,0,0,0,0,0,0,2,0,0,0,0,217,0,0,0,0,495,0,0,0,0,53,0,0,0,0,26,0,0,0,0,0,0,0,0,0,412,0,0,0,0,6201,0,0,0,0,2752,0,0,0,0,46,0,0,0,0,0,0,0,0,0,22,0,0,0,0,1064,0,0,0,0,413,0,0,0,0,0,0,0,0,0,0,0,0,0,0,1,0,0,0,0,660,0,0,0,0,0,0,0,0,0,0,0,0,0,0,0,0,0,0,0,0,0,0,0,0,0,0,0,0,0,553,0,0,0,0,45,0,0,0,0,1,0,0,0,0,0,0,0,0,0,509,0,0,0,0,7573,0,0,0,0,480,0,0,0,0,0,0,0,0,0,0,0,0,0,0,25,0,0,0,0,679,0,0,0,0,0,0,0,0,0,0,0,0,0,0,0,0,0,0,0,0,0,0,0,0,0,0,0,0,0,0,0,0,0,0,0,0,0,0,0,0,0,0,0,0,0,0,0,0,0,0,0,0,0,0,429,0,0,0,0,65,0,0,0,0,0,0,0,0,0,0,0,0,0,0,168,0,0,0,0,556,0,0,0,0
cn2_cardart\unnerve.jpg,11063,0,0,0,0,18,0,0,0,0,0,0,0,0,0,0,0,0,0,0,48,0,0,0,0,49,0,0,0,0,1,0,0,0,0,0,0,0,0,0,0,0,0,0,0,0,0,0,0,0,0,0,0,0,0,0,0,0,0,0,0,0,0,0,0,0,0,0,0,0,0,0,0,0,0,0,0,0,0,0,2549,0,0,0,0,12,0,0,0,0,0,0,0,0,0,0,0,0,0,0,2980,0,0,0,0,1694,0,0,0,0,5,0,0,0,0,0,0,0,0,0,0,0,0,0,0,89,0,0,0,0,3,0,0,0,0,0,0,0,0,0,0,0,0,0,0,0,0,0,0,0,0,0,0,0,0,0,0,0,0,0,915,0,0,0,0,35,0,0,0,0,0,0,0,0,0,0,0,0,0,0,1174,0,0,0,0,4294,0,0,0,0,2,0,0,0,0,0,0,0,0,0,2,0,0,0,0,2912,0,0,0,0,1034,0,0,0,0,0,0,0,0,0,0,0,0,0,0,0,0,0,0,0,7,0,0,0,0,0,0,0,0,0,916,0,0,0,0,11,0,0,0,0,0,0,0,0,0,0,0,0,0,0,1839,0,0,0,0,329,0,0,0,0,15,0,0,0,0,0,0,0,0,0,2,0,0,0,0,361,0,0,0,0,1362,0,0,0,0,0,0,0,0,0,0,0,0,0,0,10,0,0,0,0,2865,0,0,0,0,140,0,0,0,0
cn2_cardart\voyagingsatyr.jpg,6889,0,0,0,0,0,0,0,0,0,0,0,0,0,0,0,0,0,0,0,0,0,0,0,0,0,0,0,0,0,0,0,0,0,0,0,0,0,0,0,0,0,0,0,0,0,0,0,0,0,0,0,0,0,0,0,0,0,0,0,0,0,0,0,0,0,0,0,0,0,0,0,0,0,0,0,0,0,0,0,2982,0,0,0,0,0,0,0,0,0,0,0,0,0,0,0,0,0,0,0,763,0,0,0,0,903,0,0,0,0,2,0,0,0,0,0,0,0,0,0,0,0,0,0,0,21,0,0,0,0,75,0,0,0,0,69,0,0,0,0,0,0,0,0,0,0,0,0,0,0,0,0,0,0,0,22,0,0,0,0,2,0,0,0,0,0,0,0,0,0,0,0,0,0,0,0,0,0,0,0,223,0,0,0,0,2199,0,0,0,0,3,0,0,0,0,0,0,0,0,0,618,0,0,0,0,2776,0,0,0,0,5539,0,0,0,0,231,0,0,0,0,0,0,0,0,0,0,0,0,0,0,434,0,0,0,0,2192,0,0,0,0,0,0,0,0,0,0,0,0,0,0,0,0,0,0,0,0,0,0,0,0,0,0,0,0,0,0,0,0,0,0,0,0,0,0,0,0,0,0,0,0,250,0,0,0,0,381,0,0,0,0,910,0,0,0,0,1,0,0,0,0,54,0,0,0,0,33,0,0,0,0,2539,0,0,0,0,6625,0,0,0,0
cn2_cardart\wildpair.jpg,9226,0,0,0,0,25,0,0,0,0,0,0,0,0,0,0,0,0,0,0,240,0,0,0,0,422,0,0,0,0,44,0,0,0,0,0,0,0,0,0,0,0,0,0,0,0,0,0,0,0,5,0,0,0,0,0,0,0,0,0,0,0,0,0,0,0,0,0,0,0,0,0,0,0,0,0,0,0,0,0,2664,0,0,0,0,25,0,0,0,0,0,0,0,0,0,0,0,0,0,0,2463,0,0,0,0,5219,0,0,0,0,409,0,0,0,0,0,0,0,0,0,0,0,0,0,0,341,0,0,0,0,1237,0,0,0,0,102,0,0,0,0,0,0,0,0,0,0,0,0,0,0,0,0,0,0,0,0,0,0,0,0,0,0,0,0,0,0,0,0,0,0,0,0,0,0,0,0,0,0,0,0,113,0,0,0,0,1051,0,0,0,0,7,0,0,0,0,0,0,0,0,0,0,0,0,0,0,2118,0,0,0,0,4416,0,0,0,0,360,0,0,0,0,0,0,0,0,0,0,0,0,0,0,389,0,0,0,0,645,0,0,0,0,0,0,0,0,0,0,0,0,0,0,0,0,0,0,0,0,0,0,0,0,0,0,0,0,0,0,0,0,0,0,0,0,0,0,0,0,0,0,0,0,0,0,0,0,0,10,0,0,0,0,259,0,0,0,0,2,0,0,0,0,0,0,0,0,0,0,0,0,0,0,1159,0,0,0,0,3785,0,0,0,0
