adantovanguard.jpg,10349,21,0,0,2222,992,2,0,0,190,84,0,0,0,0,0,1161,24,0,0,4470,4488,3,0,176,1446,869,3,0,0,113,35,1,0,0,0,336,623,1,0,243,1927,2014,2,1,243,1635,559,0,0,0,0,0,0,0,0,0,182,284,0,0,237,887,913
admiralbeckettbrass1.jpg,7896,614,15,0,38,427,392,22,0,4,35,65,0,0,0,0,2203,19,0,0,1209,1725,316,1,0,57,462,1998,0,0,1,909,207,5,0,0,1331,1844,32,0,85,1844,2279,478,0,0,139,3744,1,0,0,0,49,22,0,0,195,960,1248,13,0,345,1744,1763
airelemental.jpg,7221,2913,0,0,89,5994,1263,0,0,25,288,144,0,0,0,0,58,6,0,0,7,1284,1554,0,0,69,4104,772,0,0,6,96,0,0,0,0,0,25,0,0,1,26,2161,922,0,14,76,4537,0,0,0,0,0,0,0,0,0,0,5,0,0,0,7,3069
ancientbrontodon.jpg,11588,75,0,0,5455,1726,1,0,25,358,65,3,0,0,0,0,1448,0,0,0,3575,759,8,0,89,2064,1664,1691,0,12,60,539,45,0,0,0,929,220,2,0,54,1177,520,221,0,24,103,1332,0,0,0,0,18,13,0,0,0,233,81,0,0,6,136,417
angrathsmarauders.jpg,4269,72,0,0,12,142,0,0,0,0,0,0,0,0,0,0,10344,119,0,0,2905,3286,16,0,0,2,25,0,0,0,0,0,920,0,0,0,6122,2263,50,0,271,309,1383,4,0,0,0,0,0,0,0,0,597,49,0,0,1917,273,806,1,148,33,294,104
anointeddeacon.jpg,14999,168,0,0,50,59,0,0,0,0,0,0,0,0,0,0,1644,320,0,0,193,9142,43,0,0,320,91,0,0,0,0,0,10,5,0,0,0,812,73,0,0,1080,4748,18,0,0,80,95,0,0,0,0,0,7,0,0,0,2,224,26,0,0,124,2403
arcaneadaptation1.jpg,13383,2104,0,0,226,8874,2765,1,0,36,1008,91,0,0,0,51,915,13,0,0,347,746,196,0,0,90,2160,309,0,0,20,273,0,0,0,0,26,193,1,0,0,24,269,72,0,4,90,1300,0,0,0,0,0,0,0,0,0,0,2,0,0,0,2,1145
arguelsbloodfast4.jpg,13857,102,0,0,928,136,0,0,0,0,0,0,0,0,0,0,964,68,0,0,1781,4031,23,0,17,440,90,0,0,0,0,0,73,25,0,0,1202,1160,37,0,95,1148,3192,27,0,0,124,18,1,0,0,0,178,67,0,0,269,1792,646,22,0,424,2527,1272
ashesoftheabhorrent1.jpg,9045,117,0,0,268,117,0,0,0,0,0,0,0,0,0,0,348,0,0,0,2419,1069,2,0,0,38,53,0,0,0,0,0,0,0,0,0,301,856,31,0,121,2118,4586,349,0,1,18,948,0,0,0,0,0,0,0,0,0,159,1428,13,0,2,964,11365
atzocanarcher.jpg,6899,133,0,0,37,62,0,0,0,0,0,0,0,0,0,0,1251,80,0,0,269,2693,157,0,0,7,15,0,0,0,0,0,419,21,0,0,264,693,129,0,22,245,7740,22,0,0,15,0,4,0,0,0,10,70,3,0,20,148,3669,203,0,2,1576,9858
axisofmortality.jpg,1524,0,0,0,0,0,0,0,0,0,0,0,0,0,0,0,3864,0,0,0,2271,6430,0,0,0,0,0,0,0,0,0,0,72,0,0,0,198,5909,0,0,0,5761,5049,0,0,0,100,0,6,2,0,0,0,25,0,0,0,106,1062,0,0,0,3116,1241
belligerentbrontodon.jpg,7091,335,0,0,711,281,4,0,0,0,0,0,0,0,0,0,2263,43,0,0,4596,5062,217,0,5,1033,362,0,0,0,0,0,19,0,0,0,221,411,7,0,32,1866,7066,6,0,0,634,0,0,0,0,0,0,10,0,0,0,129,1137,1,0,0,3011,183
bellowingaegisaur.jpg,5477,69,0,0,433,294,0,0,0,2,1,0,0,0,0,0,1593,16,0,0,1334,3982,163,0,0,447,1868,78,0,0,3,0,7,0,0,0,68,1049,14,0,0,1396,7277,5068,0,0,196,2612,0,0,0,0,0,11,0,0,0,80,333,38,0,0,485,2342
bishopofrebirth1.jpg,10164,13,0,0,538,19,0,0,0,0,0,0,0,0,0,0,909,12,0,0,1334,10145,70,0,0,1321,605,0,0,0,0,0,0,0,0,0,31,242,4,0,0,526,9619,62,0,0,71,216,0,0,0,0,0,0,0,0,0,16,87,0,0,0,119,613
bishopofthebloodstained4.jpg,19659,2,0,0,0,0,0,0,0,0,0,0,0,0,0,0,3874,42,0,0,1183,3809,32,0,0,0,0,0,0,0,0,0,10,0,0,0,278,1678,497,0,11,455,1564,5,0,0,1,2,0,0,0,0,0,3,0,0,4,132,1919,43,0,6,321,1206
bishopssoldier.jpg,8149,40,0,0,22,44,0,0,0,0,0,0,0,0,0,0,3147,84,0,0,2955,6953,45,0,0,61,96,0,0,0,0,0,1,0,0,0,178,2603,68,0,4,2739,4927,9,0,0,358,10,0,0,0,0,0,1,0,0,0,75,699,33,0,1,2501,933
blightkeeper.jpg,11962,162,0,0,3466,762,0,0,5,148,0,0,0,0,0,0,1116,124,0,0,979,4169,67,0,82,3640,796,0,0,0,42,1,145,79,0,0,94,302,76,0,5,660,2539,33,0,182,1501,1136,1,4,0,0,3,35,13,0,4,43,42,33,0,1,53,2231
blindingfog.jpg,3068,258,9,0,2170,3207,3,0,0,341,8,0,0,0,0,0,18,86,72,0,61,2869,654,4,2,3555,2370,3,0,10,695,12,0,0,0,0,0,268,184,7,0,796,5021,203,0,2,6575,777,0,0,0,0,0,0,0,0,0,0,106,16,0,0,1447,1859
bloodcrazedpaladin.jpg,15476,434,0,0,824,591,22,0,0,2,1,0,0,0,0,0,1827,268,2,0,4007,4126,307,0,11,502,414,28,0,0,0,24,25,64,5,0,343,637,166,0,133,1792,2166,32,0,12,317,24,0,0,0,0,0,8,0,0,0,107,208,3,0,27,1370,431
blossomdryad.jpg,13098,0,0,0,588,0,0,0,0,0,0,0,0,0,0,0,3467,98,0,0,4661,439,0,0,508,410,0,0,0,0,0,0,552,43,0,0,1166,620,136,0,765,2328,1499,2,2,113,1120,209,13,3,0,0,110,65,1,0,85,144,253,65,0,72,1010,3091
bondedhorncrest.jpg,493,1,0,0,0,2,15,0,0,0,1,0,0,0,0,0,3269,15,0,0,455,221,177,7,0,2,40,12,0,0,0,0,2791,72,0,0,7166,3410,199,2,672,2602,1171,102,0,0,57,124,35,14,0,0,1135,876,52,0,1145,7992,1407,45,0,118,664,175
boneyardparley.jpg,13680,4666,0,0,367,6304,865,0,0,92,405,0,0,0,0,0,333,20,0,0,161,1706,310,0,0,263,1186,103,0,0,61,10,1,6,0,0,0,27,11,0,0,114,1051,206,0,0,146,933,0,0,0,0,0,0,0,0,0,0,5,6,0,0,3,3695
brazenbuccaneers.jpg,18975,368,0,0,240,182,0,0,0,0,0,0,0,0,0,0,1816,354,0,0,786,7511,348,0,3,321,306,0,0,0,0,0,110,0,0,0,0,119,18,0,10,998,1954,220,0,21,278,88,0,0,0,0,53,111,0,0,0,1,13,2,0,20,266,1244
brightreprisal.jpg,24208,2,0,0,834,23,0,0,0,0,0,0,0,0,0,0,1578,6,0,0,2511,2459,0,0,3,202,1,0,0,0,0,0,0,0,0,0,71,676,0,0,0,1614,630,0,0,0,9,0,0,0,0,0,0,0,0,0,0,100,355,0,0,12,1166,276
burningsunsavatar2.jpg,6972,462,2,0,8,74,2,0,0,0,0,0,0,0,0,0,6362,435,0,0,871,2836,365,0,0,0,184,0,0,0,0,0,1004,21,0,0,1979,4312,72,0,1,638,2070,34,0,0,4,0,0,0,0,0,310,226,0,0,256,2303,2391,31,1,216,2214,80
calltothefeast.jpg,19685,0,0,0,186,28,0,0,0,0,0,0,0,0,0,0,4501,0,0,0,3159,1492,0,0,0,232,591,0,0,0,0,0,60,0,0,0,1259,1946,0,0,13,1660,612,0,0,0,0,0,0,0,0,0,17,57,0,0,0,463,568,0,0,5,179,23
cancel.jpg,11708,398,12,0,2721,2316,1115,40,4,512,1328,1421,0,0,28,452,190,5,0,0,1703,1030,169,9,27,355,999,799,0,0,55,1051,0,0,0,0,106,100,43,16,230,560,1050,901,0,5,90,932,0,0,0,0,0,0,0,0,86,203,350,168,7,110,667,2665
captainlannerystorm1.jpg,12464,313,0,0,61,306,415,81,0,0,1,2,0,0,0,0,4314,91,0,0,244,2100,1048,94,0,29,1227,2594,0,0,0,11,245,9,0,0,253,863,53,0,0,160,1407,4865,0,0,9,2146,1,0,0,0,7,135,2,0,0,239,240,20,0,0,64,623
captivatingcrew.jpg,15689,1070,0,0,0,0,0,0,0,0,0,0,0,0,0,0,704,2921,0,0,11,4781,1394,0,0,0,0,0,0,0,0,0,0,0,0,0,0,535,3882,0,0,16,4034,25,0,0,0,0,0,0,0,0,0,1,27,0,0,2,893,215,0,0,117,419
carnagetyrant1.jpg,11086,1,0,0,102,0,0,0,0,0,0,0,0,0,0,0,4129,0,0,0,4450,1417,0,0,5,106,0,0,0,0,0,0,24,0,0,0,1448,962,0,0,170,5678,1251,0,0,0,51,4,0,0,0,0,0,0,0,0,0,651,691,0,0,13,3287,1210
castawaysdespair.jpg,9296,364,0,0,0,184,1,0,0,0,0,0,0,0,0,0,2781,67,0,0,342,3265,67,0,0,2,69,4,0,0,0,0,3,0,0,0,53,3485,1525,0,0,1043,2960,8,0,0,0,3,0,0,0,0,4,74,0,0,0,6269,2821,1,0,604,1383,58
chargingmonstrosaur.jpg,21594,558,0,0,448,1780,0,0,1,0,0,0,0,0,0,0,3188,92,0,0,1688,3594,163,0,9,223,581,0,0,0,0,0,161,2,0,0,782,566,2,0,47,337,788,17,0,0,10,4,0,0,0,0,1,6,0,0,1,47,36,0,0,0,10,0
chartacourse1.jpg,18240,136,1,0,116,110,73,0,85,253,3,7,0,10,3,0,4525,2,0,0,2143,1116,38,0,1,146,155,7,0,17,74,0,70,0,0,0,946,578,0,0,21,883,1337,12,0,3,155,346,0,0,0,0,0,0,0,0,2,184,194,0,0,69,1353,3322
cobbledwings.jpg,411,57,0,0,1,202,508,0,0,0,151,926,0,0,0,0,1,1,0,0,2,471,395,0,0,8,2883,6268,0,0,0,1460,0,0,0,0,0,19,42,0,0,30,2894,1200,0,0,297,4709,0,0,0,0,0,0,0,0,0,0,857,8,0,0,2185,10750
colossaldreadmaw.jpg,13694,112,0,0,2274,2742,1,0,1,80,2,0,0,0,0,0,981,6,0,0,3162,3986,19,0,42,1553,1688,3,0,0,2,0,20,1,0,0,416,587,2,0,34,1913,1617,81,0,2,110,26,0,0,0,0,35,59,0,0,7,454,534,0,0,1,444,45
communewithdinosaurs1.jpg,13404,55,0,0,268,68,0,0,0,0,0,0,0,0,0,0,3183,64,0,0,1742,3012,15,0,0,64,38,0,0,0,0,0,200,4,0,0,324,1774,44,0,0,1469,2191,128,0,0,50,1872,1,0,0,0,5,80,0,0,0,147,763,21,0,0,610,5140
conquerorsgalleon.jpg,23231,2195,10,0,0,95,44,0,0,0,0,0,0,0,0,0,2622,1228,11,0,1,565,528,0,0,0,1,0,0,0,0,0,626,273,0,0,20,971,778,0,0,0,154,41,0,0,0,0,16,25,0,0,7,804,632,0,0,222,998,258,0,0,111,269
contractkilling.jpg,22838,1221,0,0,0,96,2,0,0,0,0,0,0,0,0,0,1366,1276,0,0,32,3217,2424,0,0,0,698,190,0,0,1,52,0,0,0,0,0,710,237,0,0,10,910,900,0,0,0,522,0,0,0,0,0,0,0,0,0,0,5,1,0,0,0,28
costlyplunder.jpg,18123,119,0,0,1066,2526,368,0,0,142,2129,15,0,0,3,1,506,0,0,0,1285,1159,13,0,6,538,3089,91,0,0,184,291,0,0,0,0,237,70,2,0,161,615,765,2,0,11,253,1242,0,0,0,0,0,0,0,0,0,71,15,0,0,71,87,1480
crashtheramparts.jpg,16461,7,0,0,4150,374,0,0,0,0,0,0,0,0,0,0,72,0,0,0,2832,6387,1,0,17,1683,72,0,0,0,0,0,0,0,0,0,14,23,0,0,8,2486,1802,0,0,58,48,0,0,0,0,0,0,0,0,0,0,13,6,0,0,31,176,15
crushingcanopy.jpg,9946,838,0,0,125,1358,407,0,0,2,50,1,0,0,0,0,563,27,0,0,451,1422,455,0,0,73,2194,754,0,0,2,232,231,3,0,0,184,340,21,0,1,253,1548,1354,0,1,72,5000,30,0,0,0,159,215,4,0,3,126,221,19,0,15,369,7667
daringsaboteur1.jpg,5370,9968,65,0,45,4317,13216,0,0,0,1090,126,0,0,0,0,13,22,0,0,274,533,138,0,0,5,739,101,0,0,0,4,0,0,0,0,80,45,27,0,15,53,146,59,0,0,1,70,0,0,0,0,0,0,0,0,143,35,4,12,0,0,0,20
darknourishment.jpg,21294,1069,39,0,236,321,6,0,0,0,0,0,0,0,0,0,1039,507,30,0,322,5403,169,8,0,261,78,1,0,0,0,0,19,24,0,0,13,745,65,1,0,566,2358,51,0,0,169,17,0,0,0,0,0,8,3,0,0,5,299,14,0,0,404,1192
deadeyeplunderers1.jpg,22439,937,0,0,14,496,0,0,0,0,0,0,0,0,0,0,956,197,0,0,258,6020,94,0,0,9,557,23,0,0,0,7,0,0,0,0,9,1029,54,0,0,146,1553,205,0,0,0,1327,0,0,0,0,0,1,0,0,0,23,279,3,0,0,10,90
deadeyequartermaster2.jpg,6557,178,0,0,43,58,0,0,0,0,0,0,0,0,0,0,2609,20,0,0,2594,4334,22,0,0,75,164,35,0,0,0,2,40,0,0,0,497,1684,6,0,22,2376,3506,135,0,0,89,316,0,0,0,0,5,7,0,0,13,108,1437,2,0,4,2099,7699
deadeyetormentor.jpg,14721,528,0,0,24,2192,0,0,0,0,0,0,0,0,0,0,2343,333,0,0,783,11488,924,0,0,3,1450,0,0,0,0,0,0,4,0,0,4,390,87,0,0,140,1072,12,0,0,0,4,0,0,0,0,0,0,0,0,0,0,70,4,0,0,33,127
deadeyetracker1.jpg,11005,344,9,0,3143,117,126,3,0,1,8,5,0,0,0,0,370,16,0,0,5485,469,75,7,1916,365,122,61,0,0,3,18,38,0,0,0,250,161,1,0,3103,3617,621,7,160,989,638,27,1,1,0,0,2,28,0,0,42,638,185,0,25,686,1508,340
deathgorgescavenger.jpg,19640,201,0,0,835,888,0,0,0,0,0,0,0,0,0,0,1221,7,0,0,1631,6905,173,0,2,289,1801,0,0,0,0,0,0,0,0,0,60,55,3,0,63,226,1951,582,0,0,41,44,0,0,0,0,0,0,0,0,0,22,13,0,0,31,35,17
deathlessancient2.jpg,20609,24,0,0,37,13,0,0,0,0,0,0,0,0,0,0,2617,30,0,0,1719,4831,0,0,0,3,0,0,0,0,0,0,0,0,0,0,29,2064,0,0,0,1223,2312,0,0,0,2,0,0,0,0,0,0,0,0,0,0,3,393,0,0,0,306,521
deeprootchampion1.jpg,12663,0,0,0,1221,11,0,0,18,7,0,0,0,0,0,0,2159,12,0,0,4343,858,0,0,157,893,3,0,0,12,12,0,80,0,0,0,1540,880,6,0,283,3603,266,0,7,179,557,0,0,0,0,0,109,73,0,0,164,1769,458,0,2,452,3172,767
deeprootwarrior.jpg,17763,7,0,0,1213,174,0,0,8,92,0,0,0,2,0,0,1693,69,0,0,4771,3035,4,0,125,628,27,0,0,2,12,0,38,0,0,0,633,371,32,0,865,2452,1081,12,1,112,70,3,0,0,0,0,15,9,1,0,181,393,96,18,0,443,251,34
deeprootwaters1.jpg,13105,1550,13,0,1160,2192,554,0,1,146,121,1,0,0,0,0,1152,337,0,0,1649,3524,411,0,0,740,2064,259,0,0,73,52,69,114,1,0,0,149,224,0,0,228,2598,300,0,0,250,1128,0,6,0,0,0,1,17,0,0,0,107,279,0,0,17,2144
demolish.jpg,1076,25,0,0,23,46,26,0,0,0,5,3,0,0,0,0,8176,23,0,0,2777,1127,34,1,0,32,69,12,0,0,0,0,1168,1,0,0,4208,4209,74,0,5,3067,652,2,0,0,6,9,3,0,0,0,220,263,0,0,3,1135,3023,2,0,11,5114,106
demystify.jpg,15054,38,0,0,5799,2890,13,0,0,550,580,2,0,0,74,30,580,23,0,0,1677,2109,80,0,68,348,393,0,0,0,9,46,16,1,0,0,248,508,12,0,81,683,1444,79,0,4,85,408,0,0,0,0,0,29,0,0,2,241,259,0,0,10,381,1882
depthsofdesire.jpg,7376,0,0,0,695,77,0,0,0,0,0,0,0,0,0,0,590,0,0,0,2313,5935,0,0,0,753,136,0,0,0,0,0,0,0,0,0,75,699,0,0,1,4196,10758,0,0,0,180,73,0,0,0,0,0,0,0,0,0,8,199,0,0,0,959,1713
desperatecastaways.jpg,13959,1709,0,0,19,583,176,0,0,0,0,0,0,0,0,0,2264,150,0,0,1768,2991,887,2,0,52,1068,614,0,0,0,357,65,0,0,0,592,1068,21,0,54,1231,786,304,0,0,48,2257,0,0,0,0,38,103,0,0,5,1527,519,0,0,672,678,169
dinosaurstampede1.jpg,8863,58,0,0,0,0,0,0,0,0,0,0,0,0,0,0,16117,152,2,0,689,37,5,0,0,0,0,0,0,0,0,0,3467,1,0,0,3619,261,0,0,7,12,0,0,0,0,0,0,55,0,0,0,1503,45,0,0,1158,336,0,0,49,260,40,0
direfleetcaptain.jpg,23336,39,0,0,723,399,0,0,0,0,0,0,0,0,0,0,2620,5,0,0,1489,2313,285,0,0,205,808,0,0,0,0,0,69,2,0,0,88,614,1,0,0,330,1196,37,0,0,109,727,3,0,0,0,4,40,0,0,0,14,83,2,0,0,82,1113
direfleethoarder.jpg,25078,1541,0,0,4,3831,54,0,0,0,0,0,0,0,0,0,2234,21,0,0,341,1129,172,0,0,17,117,0,0,0,0,0,56,23,0,0,267,570,10,0,0,157,175,2,0,0,6,5,0,0,0,0,17,76,2,0,4,323,327,2,0,11,65,99
direfleetinterloper.jpg,12316,129,0,0,80,11,0,0,0,0,0,0,0,0,0,0,4083,194,0,0,2957,2120,2,0,0,24,5,0,0,0,0,0,170,17,0,0,2090,2103,12,0,282,1904,932,0,0,0,11,2,0,2,0,0,9,40,0,0,160,1338,840,0,53,967,2417,1466
direfleetravager.jpg,15217,749,0,0,32,5317,69,0,0,0,4,0,0,0,0,0,0,1,0,0,0,2934,624,0,0,61,6195,448,0,0,3,82,0,0,0,0,0,0,0,0,0,0,1258,409,0,0,105,2421,0,0,0,0,0,0,0,0,0,0,0,0,0,0,0,807
divedown.jpg,4043,1837,0,0,82,6616,1952,0,0,59,8687,865,0,0,84,1161,32,98,0,0,0,332,407,0,0,16,1727,637,0,0,70,3134,0,28,0,0,0,76,124,0,0,0,346,170,0,0,5,3601,0,0,0,0,0,0,8,0,0,0,20,21,0,0,0,498
dowsingdagger.jpg,21016,27,0,0,6352,401,0,0,526,1404,17,0,0,82,3,0,586,0,0,0,1778,935,2,0,55,1980,150,0,0,181,237,1,38,0,0,0,107,99,0,0,2,233,150,0,0,4,270,13,0,0,0,0,14,4,0,0,0,3,4,0,0,0,31,31
dragonskullsummit1.jpg,13262,0,0,0,21,0,0,0,0,0,0,0,0,0,0,0,1909,1,0,0,3893,3631,0,0,0,0,0,0,0,0,0,0,0,0,0,0,379,3363,0,0,15,3287,1505,0,0,0,0,0,0,0,0,0,0,0,0,0,0,632,1785,0,0,36,2915,102
dreamcallersiren1.jpg,9432,883,0,0,24,766,19,0,0,0,0,0,0,0,0,0,1535,145,0,0,1436,1551,278,0,0,4,150,3,0,0,0,0,17,0,0,0,2135,1402,125,0,372,1264,1230,106,0,0,16,99,0,0,0,0,0,8,0,0,79,528,7584,220,0,0,3090,2235
droverofthemighty.jpg,12527,28,0,0,11,1,0,0,0,0,0,0,0,0,0,0,6313,120,0,0,867,1931,4,0,0,28,20,0,0,0,0,0,953,41,0,0,1834,2481,62,0,62,1028,1267,17,0,0,43,33,0,0,0,0,338,231,1,0,196,1336,2147,15,1,162,1294,1344
drownedcatacomb1.jpg,9929,257,0,0,1028,7364,60,0,0,27,4,0,0,0,0,0,0,2,0,0,1,3263,81,0,0,1806,4104,8,0,0,0,0,0,0,0,0,0,0,0,0,0,5,3371,71,0,0,981,1436,0,0,0,0,0,0,0,0,0,0,0,0,0,0,23,2915
dualshot.jpg,4799,33,0,0,593,201,0,0,0,0,0,0,0,0,0,0,1041,9,0,0,2595,1976,32,0,4,267,1944,39,0,0,0,0,4,0,0,0,278,878,5,0,17,1167,4444,1092,0,0,7,1229,0,0,0,0,0,0,0,0,0,485,969,32,0,115,3964,8517
duress1.jpg,12623,3807,0,0,0,1754,1329,0,0,0,0,0,0,0,0,0,1564,476,0,0,123,4730,2034,0,0,0,556,0,0,0,0,0,135,6,0,0,118,766,225,0,0,34,2868,8,0,0,0,1,0,0,0,0,0,78,1,0,0,100,2009,23,0,0,788,580
duskborneskymarcher.jpg,11454,0,0,0,0,0,0,0,0,0,0,0,0,0,0,0,7719,0,0,0,2167,191,0,0,0,5,0,0,0,0,0,0,1459,0,0,0,2839,346,0,0,40,558,138,0,0,0,1,0,75,0,0,0,2003,24,0,0,1631,1928,123,0,1,2291,1664,79
dusklegiondreadnought.jpg,21404,2432,0,0,0,971,0,0,0,0,0,0,0,0,0,0,491,113,0,0,278,3987,1604,0,0,2,1013,0,0,0,0,0,0,0,0,0,42,71,3,0,0,62,1668,776,0,0,14,471,0,0,0,0,0,0,0,0,0,3,30,1,0,0,27,1273
elaboratefirecannon.jpg,15887,1073,0,0,75,1283,1444,0,0,0,1390,103,0,0,0,0,1166,181,0,0,247,3548,389,0,0,8,1166,875,0,0,0,32,905,56,0,0,55,582,131,0,0,165,1507,329,0,0,8,1071,96,9,0,0,95,60,1,0,59,141,168,8,0,12,21,2390
emergentgrowth.jpg,10012,807,0,0,2625,4520,191,0,1,60,132,0,0,0,1,1,202,181,9,0,790,2635,403,0,62,1596,2943,1486,0,1,17,109,0,0,0,0,95,131,123,6,46,496,1542,1663,0,46,449,1664,0,0,0,0,0,1,1,0,0,34,42,38,0,29,170,1376
emissaryofsunrise.jpg,16553,0,0,0,981,135,0,0,20,120,2,0,0,1,0,0,2563,0,0,0,4062,352,2,0,20,320,32,0,0,14,29,0,14,0,0,0,1620,327,0,0,984,2488,271,0,0,21,147,3,0,0,0,0,1,2,0,0,169,767,228,0,0,656,2450,1382
emperorsvanguard1.jpg,7017,10,0,0,670,403,0,0,1,3,0,0,0,0,0,0,3490,14,0,0,3935,2962,102,0,175,198,88,0,0,0,0,0,201,1,0,0,1792,3157,20,0,213,3426,2432,0,0,8,19,2,11,0,0,0,123,89,2,0,115,998,2276,1,0,48,2462,272
encampmentkeeper.jpg,16288,4213,0,0,67,5645,104,0,0,0,3,0,0,0,0,0,393,173,0,0,505,6035,879,0,0,42,123,0,0,0,0,0,0,0,0,0,3,413,11,0,0,864,634,5,0,0,2,0,0,0,0,0,0,0,0,0,0,2,221,0,0,0,105,6
entrancingmelody.jpg,5600,120,0,0,35,284,0,0,0,0,0,0,0,0,0,0,192,540,0,0,9,2387,355,0,0,150,297,0,0,0,0,0,0,1,0,0,0,142,187,0,0,18,8038,1285,0,0,279,1086,0,0,0,0,0,0,0,0,0,0,76,217,0,0,137,15301
fathomfleetcaptain1.jpg,5182,38,0,0,0,5,0,0,0,0,0,0,0,0,0,0,6284,180,0,0,1203,1822,3,0,0,1,0,0,0,0,0,0,86,4,0,0,1428,4342,398,0,25,1441,1823,10,0,0,0,3,0,0,0,0,15,47,17,0,66,2471,6239,23,0,218,3187,175
fathomfleetcutthroat.jpg,14679,507,0,0,46,467,640,0,0,0,91,0,0,0,0,0,4541,679,0,0,1001,2156,2034,0,0,0,1181,2,0,0,0,0,261,62,0,0,986,2229,330,0,13,412,706,177,0,0,0,3,0,0,0,0,115,660,1,0,25,2077,413,16,0,1,84,141
fathomfleetfirebrand.jpg,11394,103,0,0,3287,259,0,0,87,54,0,0,0,0,0,0,1268,27,0,0,708,3726,120,0,22,3094,1426,0,0,0,0,0,180,6,0,0,360,392,53,0,0,135,3139,675,0,0,464,1370,9,0,0,0,246,51,1,0,75,137,137,40,0,8,35,3648
favorablewinds.jpg,271,386,1430,0,2,481,7475,885,0,99,3342,6322,0,0,7,1448,1,159,1132,0,0,11,747,135,0,0,573,1896,0,0,32,2768,0,45,137,0,0,0,110,8,0,0,66,283,0,0,10,4686,0,0,10,0,0,0,3,0,0,0,0,0,0,0,0,1776
fellflagship1.jpg,13511,105,0,0,1464,683,37,0,0,0,47,0,0,0,0,0,90,1,0,0,1135,10019,178,0,0,2183,1790,11,0,0,0,6,0,0,0,0,13,111,3,0,0,1091,2393,291,0,0,65,379,0,0,0,0,0,0,0,0,0,0,5,3,0,0,25,1097
fieldofruin4.jpg,16029,89,0,0,96,54,0,0,0,0,0,0,0,0,0,0,1699,29,0,0,2100,7184,0,0,0,17,0,0,0,0,0,0,0,0,0,0,23,2610,0,0,0,2811,465,0,0,0,0,0,0,0,0,0,0,0,0,0,0,223,2185,0,0,0,1122,0
fierycannonade.jpg,14516,2044,0,0,38,2415,13,0,0,0,0,0,0,0,0,0,4562,23,0,0,951,2898,108,0,0,6,19,0,0,0,0,0,784,0,0,0,2564,386,0,0,58,116,14,0,0,0,0,0,2,0,0,0,1110,63,0,0,2030,895,6,0,141,859,114,1
firecannonblast.jpg,21703,115,0,0,356,1033,0,0,0,0,0,0,0,0,0,0,2325,9,0,0,2171,4261,11,0,0,19,34,0,0,0,0,0,0,0,0,0,163,796,1,0,33,826,549,2,0,0,10,3,0,0,0,0,1,1,0,0,53,126,320,0,58,125,627,1005
fireshrinekeeper.jpg,7184,819,0,0,2,126,1,0,0,0,0,0,0,0,0,0,4199,138,0,0,1075,3643,651,0,0,2,14,0,0,0,0,0,597,2,0,0,2336,3098,231,0,148,1311,759,12,0,0,0,72,5,0,0,0,735,171,0,0,797,4513,475,9,23,1087,1121,1380
fleetswallower3.jpg,9782,131,0,0,614,2979,6,0,0,103,184,0,0,0,3,0,363,0,0,0,210,5312,110,0,0,1835,5102,15,0,0,83,147,41,0,0,0,115,36,5,0,0,117,4975,60,0,0,538,1649,0,0,0,0,8,3,0,0,5,42,4,0,0,1,153,2005
forest1.jpg,17194,902,0,0,540,1868,12,0,0,0,0,0,0,0,0,0,821,0,0,0,2262,3011,304,0,61,418,291,0,0,0,0,0,0,0,0,0,108,169,0,0,175,1210,2362,38,0,143,453,671,0,0,0,0,0,0,0,0,0,7,125,0,0,19,1018,2554
forest2.jpg,11905,0,0,0,1823,0,0,0,0,0,0,0,0,0,0,0,393,0,0,0,7702,1088,0,0,1363,369,0,0,0,0,0,0,0,0,0,0,283,486,0,0,1490,4197,219,0,0,308,99,307,0,0,0,0,0,0,0,0,65,249,86,0,1,276,1358,2669
forest3.jpg,5984,1,0,0,1013,96,0,0,0,0,0,0,0,0,0,0,4947,1,0,0,7123,2393,3,0,476,1005,68,0,0,0,0,0,269,0,0,0,3534,690,7,0,1369,2694,2196,1,0,26,193,7,0,0,0,0,124,28,0,0,526,1013,156,2,10,241,398,142
forest4.jpg,11041,1705,1,0,3731,1982,38,0,7,8,0,0,0,0,0,0,1028,1024,5,0,1844,5125,1291,0,696,850,639,0,0,0,0,0,0,0,0,0,1,384,30,0,343,867,1761,1179,69,186,52,285,0,0,0,0,0,0,0,0,0,3,98,0,13,177,133,140
frenziedraptor.jpg,1403,330,0,0,202,1778,14,0,0,0,0,0,0,0,0,0,6583,137,0,0,621,5292,1480,0,0,56,679,0,0,0,0,0,1259,48,0,0,1843,2329,683,0,10,1754,6566,67,0,0,83,499,0,0,0,0,187,266,10,0,40,537,642,31,0,0,375,932
gildedsentinel.jpg,17625,175,0,0,128,49,0,0,0,0,0,0,0,0,0,0,2399,16,0,0,4334,2246,0,0,39,63,2,0,0,0,0,0,86,0,0,0,3140,1337,3,0,95,2083,1501,0,0,1,273,6,0,0,0,0,18,50,0,0,18,539,108,0,0,34,321,47
gishathsunsavatar.jpg,10283,4,0,0,684,228,0,0,0,11,0,0,0,0,0,0,3255,14,0,0,2774,3142,200,0,1,348,350,0,0,0,0,0,764,1,0,0,607,1233,21,0,41,1622,3251,8,0,9,225,180,173,0,0,0,168,120,0,0,48,424,708,0,0,61,1238,4540
glacialfortress1.jpg,4365,4508,0,0,0,5289,4148,0,0,0,384,0,0,0,0,0,0,0,0,0,0,20,976,0,0,0,5000,1206,0,0,0,0,0,0,0,0,0,0,0,0,0,0,648,1716,0,0,2,1772,0,0,0,0,0,0,0,0,0,0,0,0,0,0,0,6702
glorifierofdusk.jpg,27272,42,0,0,2263,1027,2,0,32,275,3,0,0,0,0,0,149,6,0,0,235,1087,32,0,0,1679,867,0,0,0,34,0,0,0,0,0,0,20,2,0,0,143,747,34,0,0,308,108,0,0,0,0,0,0,0,0,0,0,6,3,0,0,26,334
goringceratops1.jpg,4515,954,49,0,32,508,295,0,3,106,12,10,0,0,0,0,913,524,192,0,485,1638,905,5,43,1027,2499,323,0,2,568,96,204,226,135,0,769,1740,896,115,202,2903,1958,215,1,166,1162,504,25,77,16,0,92,159,89,19,132,1698,1200,46,126,535,3016,2606
graspingcurrent.jpg,13249,43,0,0,675,32,0,0,0,0,0,0,0,0,0,0,357,9,0,0,6599,6301,48,0,0,271,41,0,0,0,0,0,0,0,0,0,116,563,11,0,115,2210,4268,25,0,0,27,9,0,0,0,0,0,0,0,0,0,10,249,13,0,0,419,1076
grazingwhiptail1.jpg,10144,436,0,0,6196,1135,7,0,157,394,17,0,0,0,0,0,2125,149,0,0,1921,1954,289,0,1620,2251,249,23,7,44,1,1,251,11,0,0,498,1228,68,0,85,1194,570,66,31,1520,133,11,5,0,0,0,190,101,3,0,122,452,400,1,1,298,325,52
grimcaptainscall.jpg,7116,24,0,0,1,10,0,0,0,0,0,0,0,0,0,0,1579,2805,3,0,2,6173,253,0,0,30,27,0,0,0,0,0,0,0,0,0,0,1745,5162,0,0,14,4216,11,0,0,0,0,0,0,0,0,0,0,56,0,0,0,1827,3611,0,0,6,2065
growingritesofitlimoc1.jpg,1863,7,0,0,263,1,0,0,21,10,0,0,0,0,0,0,5827,423,0,0,1629,3043,1,0,96,577,141,1,0,11,7,34,548,9,0,0,1528,5452,34,0,174,2330,1468,38,3,175,177,1531,0,0,0,0,45,53,0,0,9,1539,1372,7,0,467,2573,3249
headstrongbrute.jpg,24899,73,0,0,132,714,0,0,0,0,0,0,0,0,0,0,4421,14,0,0,313,1103,10,0,0,18,115,0,0,0,0,0,1426,1,0,0,442,1014,21,0,0,51,680,7,0,0,35,146,0,0,0,0,2,99,0,0,0,95,163,9,0,0,114,619
headwatersentries.jpg,25749,1634,5,0,653,1872,334,0,0,0,59,23,0,0,0,0,262,729,6,0,65,3068,437,8,0,107,538,203,0,0,0,26,0,55,5,0,0,58,269,2,0,8,272,100,0,0,12,137,0,0,0,0,0,0,1,0,0,0,0,2,0,0,0,37
heartlesspillage.jpg,16922,1237,0,0,299,104,1,0,0,0,0,0,0,0,0,0,1973,101,0,0,4521,1643,577,0,159,106,173,1,0,0,0,0,2,2,0,0,291,2876,415,0,54,1853,1759,114,0,8,59,2,0,0,0,0,0,133,26,0,0,88,1027,32,0,0,64,114
heraldofsecretstreams.jpg,5551,973,0,0,624,871,532,0,0,0,711,280,0,0,0,14,110,268,8,0,1056,2806,1006,1,262,928,2049,590,0,0,0,155,163,357,8,0,2,361,574,0,59,262,4890,3379,0,0,24,5707,16,21,0,0,0,41,47,0,0,1,103,97,0,0,3,1826
hierophantschalice.jpg,27319,263,0,0,0,0,0,0,0,0,0,0,0,0,0,0,1274,1373,0,0,0,2490,124,0,0,0,5,0,0,0,0,0,0,1,0,0,0,287,724,0,0,0,1976,67,0,0,0,8,0,0,0,0,0,0,0,0,0,0,73,133,0,0,0,619
hijack.jpg,14805,1234,56,0,229,215,16,0,0,0,0,0,0,0,0,0,3163,49,0,0,1948,2661,173,0,0,109,927,35,0,0,0,0,493,2,0,0,763,1243,7,0,36,649,2661,212,0,0,498,237,132,0,0,0,373,300,0,0,213,790,537,6,12,231,1015,706
hostagetaker1.jpg,7652,1980,32,0,13,666,203,0,0,0,40,2,0,0,0,133,1236,317,0,0,407,2179,824,6,0,18,679,185,0,0,0,621,21,52,0,0,535,1959,46,0,18,441,1907,731,0,0,59,2103,0,0,0,0,154,138,5,0,182,1664,1127,42,48,1479,2403,4429
huatlidinosaurknight.jpg,12647,97,0,0,57,241,0,0,0,0,0,0,0,0,0,0,3466,146,0,0,419,3492,123,0,0,69,206,0,0,0,0,0,671,0,0,0,847,763,54,0,8,688,4471,15,0,0,303,149,35,0,0,0,671,154,0,0,268,1022,609,2,0,133,2794,2116
huatlissnubhorn.jpg,7841,482,0,0,684,783,143,0,0,0,0,0,0,0,0,0,910,24,0,0,3528,2389,1692,0,34,303,4279,380,0,0,0,0,1,0,0,0,6,289,3,0,18,550,1215,1546,0,0,2,2229,0,0,0,0,0,0,0,0,0,0,7,0,0,0,13,7385
huatlisspurring.jpg,5893,24,0,0,11,3,0,0,0,0,0,0,0,0,0,0,7224,171,0,0,1266,3529,26,0,0,254,74,0,0,0,0,0,2836,32,0,0,1354,1677,30,0,235,3451,3154,23,0,0,627,832,19,0,0,0,240,149,3,0,36,1181,425,8,0,274,542,1133
huatliwarriorpoet4.jpg,6114,11,0,0,0,2,0,0,0,0,0,0,0,0,0,0,7811,463,2,0,540,2382,85,0,0,1,20,0,0,0,0,0,2047,255,0,0,1712,4269,134,0,8,327,1020,37,0,0,1,13,32,0,0,0,291,1144,1,0,66,1588,3253,24,0,2,2704,377
imperialaerosaur.jpg,1619,96,0,0,532,2190,176,0,0,12,187,0,0,0,0,0,559,37,0,0,1887,1856,73,0,18,887,3610,3039,0,0,41,1503,23,0,0,0,856,192,11,0,86,1303,2954,256,0,21,899,8411,0,0,0,0,61,1,0,0,21,54,68,0,0,25,442,2730
imperiallancer4.jpg,9094,108,0,0,2,21,0,0,0,0,0,0,0,0,0,0,3417,603,51,0,2478,1434,395,1,0,0,183,0,0,0,0,0,130,17,0,0,2490,1237,251,8,1636,1619,2949,2165,0,5,3,1367,0,0,0,0,55,13,5,0,741,1263,919,61,61,173,703,1078
infuriatedgladiodon.jpg,5954,540,0,0,5,18,0,0,0,0,0,0,0,0,0,0,4014,1377,0,0,537,6346,593,0,0,28,460,0,0,0,0,0,144,479,0,0,0,1981,828,0,0,616,7385,1139,0,0,14,837,0,0,0,0,0,16,53,0,0,0,1174,253,0,0,124,1821
inspiringcleric.jpg,18542,0,0,0,1,0,0,0,0,0,0,0,0,0,0,0,7994,1,0,0,675,436,0,0,0,0,0,0,0,0,0,0,123,0,0,0,2204,1607,0,0,32,1339,305,0,0,0,0,0,0,0,0,0,5,0,0,0,38,691,1596,0,0,2,662,483
island1.jpg,1411,182,0,0,276,928,4027,0,0,0,1446,14,0,0,0,0,54,2,0,0,837,3833,1957,0,3,936,3480,217,0,0,20,63,0,0,0,0,8,129,0,0,1,1463,5193,742,0,0,608,924,0,0,0,0,0,0,0,0,0,5,69,1,0,0,312,7595
island2.jpg,17893,2017,0,0,140,3100,152,0,0,0,0,0,0,0,0,0,0,0,0,0,207,4613,1834,0,0,164,1932,0,0,0,0,0,0,0,0,0,0,0,0,0,0,176,2392,89,0,0,67,95,0,0,0,0,0,0,0,0,0,0,1,3,0,0,65,1796
island3.jpg,4482,17,0,0,60,38,10,0,0,0,0,0,0,0,0,0,5424,65,0,0,2423,1301,80,0,19,90,187,9,0,0,0,2,323,30,0,0,2863,1542,107,0,611,1086,3831,464,2,10,640,2993,0,0,0,0,198,99,4,0,963,1736,623,16,15,104,498,3771
island4.jpg,2615,1521,0,0,1618,1963,138,0,51,189,338,1,0,0,0,0,777,696,0,0,521,4303,993,1,574,1441,3673,490,0,68,597,782,2,2,0,0,0,316,94,0,0,355,1841,768,0,32,1254,6591,0,0,0,0,0,0,0,0,0,0,13,7,0,0,13,2098
ixalansbinding4.jpg,20924,1954,0,0,5,3304,1521,0,0,0,0,0,0,0,0,0,359,3,0,0,773,3449,517,0,0,51,187,0,0,0,0,0,0,0,0,0,159,242,22,0,1,1031,1304,0,0,0,0,2,0,0,0,0,0,0,0,0,0,94,484,0,0,2,344,4
ixallisdiviner.jpg,7591,225,0,0,1199,473,0,0,0,0,0,0,0,0,0,0,1168,35,0,0,3771,6252,16,0,4,624,13,0,0,0,0,0,0,0,0,0,658,1540,2,0,47,6291,612,0,0,13,47,3,0,0,0,0,0,1,0,0,1,1133,345,0,0,51,2299,2322
ixalliskeeper.jpg,8912,8,0,0,646,41,0,0,15,0,0,0,0,0,0,0,7027,161,0,0,6468,1644,1,0,325,522,35,0,0,28,2,0,479,50,0,0,963,1278,0,0,56,2130,1496,6,0,146,177,9,1,0,0,0,68,439,0,0,1,408,531,1,0,16,1290,1356
jacecunningcastaway.jpg,2508,3184,19,0,0,1147,2945,22,0,0,343,1919,0,0,0,177,150,287,0,0,0,751,4020,12,0,0,1815,4244,0,0,0,1598,0,6,0,0,0,585,350,0,0,36,1237,4668,0,0,0,2869,0,0,0,0,0,0,7,0,0,4,816,168,0,0,15,834
jaceingeniousmindmage.jpg,2329,937,0,0,71,2122,369,5,0,3,136,56,0,0,0,0,245,37,0,0,562,7549,617,0,26,1577,3043,372,0,0,14,141,5,6,0,0,19,592,54,0,68,2877,6915,485,0,67,1276,1208,0,0,0,0,0,18,1,0,0,57,333,4,0,50,1572,918
jacessentinel.jpg,5862,205,0,0,1337,2150,36,0,0,125,26,0,0,0,0,0,101,32,0,0,276,2298,384,0,0,586,1738,67,0,0,38,60,19,2,0,0,92,258,17,0,0,146,3191,541,0,0,368,7014,0,0,0,0,2,26,0,0,0,57,120,4,0,0,34,9524
jadeguardian.jpg,8692,169,0,0,1626,121,0,0,0,0,0,0,0,0,0,0,1581,490,1,0,4312,3178,36,0,279,906,5,0,0,0,0,0,204,0,0,0,2127,704,25,0,1119,6999,413,0,11,1358,523,0,0,0,0,0,0,0,0,0,0,18,36,0,0,222,1530,51
jungledelver.jpg,13876,331,0,0,1312,1801,72,0,0,305,51,0,0,0,2,0,315,6,0,0,1339,1032,792,32,43,2606,1899,181,0,3,477,2,0,0,0,0,216,77,26,0,199,1589,2332,242,0,85,3370,35,0,0,0,0,0,1,0,0,0,17,13,0,1,17,2009,30
kinjaliscaller.jpg,9017,31,0,0,385,334,5,0,0,0,6,0,0,0,0,0,1436,30,0,0,787,3889,172,0,8,537,2158,0,0,0,0,0,0,0,0,0,297,1100,22,0,10,1262,4864,363,0,5,147,805,0,0,0,0,0,1,0,0,4,627,441,7,0,230,2011,5745
kinjallissunwing.jpg,3107,216,1,0,15,355,11,0,0,0,0,0,0,0,0,0,6442,65,2,0,3054,1827,356,0,0,2,24,3,0,0,0,0,758,4,0,0,5406,3272,250,3,1258,1580,744,112,0,0,0,0,6,0,0,0,1376,237,7,0,1144,2892,590,121,0,90,942,464
kitesailfreebooter.jpg,5097,63,0,0,16,321,162,0,0,0,57,0,0,0,0,0,2245,12,0,0,3623,1310,279,0,0,88,6302,12,0,0,0,0,18,0,0,0,244,674,4,0,1,289,5407,118,0,0,396,150,0,0,0,0,0,11,0,0,0,105,490,2,0,2,2205,7033
kopalawardenofwaves1.jpg,7243,120,0,0,586,521,0,0,0,0,0,0,0,0,0,0,1319,84,0,0,1538,8477,61,0,3,946,386,0,0,0,0,0,72,11,0,0,165,1036,18,0,1,2790,6724,30,0,0,317,181,0,0,0,0,4,85,0,0,0,145,699,0,0,6,1560,1608
kumenasspeaker.jpg,11176,741,0,0,802,6337,52,0,0,465,417,0,0,0,27,0,997,144,0,0,468,3605,317,0,0,529,4618,28,0,0,101,18,138,0,0,0,508,185,94,0,29,261,1691,163,0,0,218,1863,0,0,0,0,42,5,0,0,142,137,35,0,0,10,55,318
legionconquistador.jpg,7738,0,0,0,1432,0,0,0,0,0,0,0,0,0,0,0,1012,0,0,0,8235,643,0,0,387,50,0,0,0,0,0,0,0,0,0,0,832,528,0,0,3950,4922,318,0,6,197,6,0,0,0,0,0,0,0,0,0,22,1079,232,0,72,3233,1253,589
legionsjudgment.jpg,6129,1350,0,0,10,687,671,0,0,0,0,0,0,0,0,0,2509,1565,0,0,916,3829,3843,0,1,113,2905,2,0,0,0,0,145,175,0,0,544,3323,173,0,12,1023,3071,636,0,0,11,62,0,1,0,0,18,141,1,0,33,824,843,68,0,18,666,418
legionslanding.jpg,2786,100,0,0,0,14,0,0,0,0,0,0,0,0,0,0,6294,220,0,0,847,2545,462,0,0,2,89,0,0,0,0,0,564,6,0,0,3421,6162,23,0,2,1945,1689,0,0,0,0,0,0,0,0,0,184,187,0,0,365,5044,2659,0,0,0,1088,38
lightningrigcrew1.jpg,8781,502,0,0,7,469,38,0,0,0,2,0,0,0,0,0,3065,91,0,0,1729,4293,721,0,0,11,1380,258,0,0,0,18,0,0,0,0,217,1572,46,0,1,697,2724,1048,0,0,5,2333,0,0,0,0,0,0,0,0,1,32,423,11,0,0,159,6102
lightningstrike.jpg,5729,1956,2,0,52,3231,1756,0,0,0,0,0,0,0,0,0,1183,2412,1,0,18,10852,4348,4,0,18,1293,62,0,0,0,0,0,19,0,0,0,120,934,3,0,0,1356,1049,0,0,0,23,0,0,0,0,0,0,4,0,0,0,5,202,0,0,0,104
lookoutsdecision.jpg,7673,8788,77,0,3,6627,3832,166,0,0,248,217,0,0,0,0,451,137,4,0,0,1147,2596,19,0,5,1446,1005,0,0,0,203,0,0,0,0,0,10,41,2,0,38,764,563,0,0,1,541,0,0,0,0,0,0,0,0,0,0,0,14,0,0,2,116
loomingaltisaur1.jpg,871,36,0,0,332,403,611,0,0,5,157,0,0,0,0,0,23,6,0,0,377,6458,2562,0,0,777,6147,2611,0,0,2,0,0,3,0,0,9,558,164,0,0,457,6063,3918,0,0,100,3147,0,0,0,0,0,5,0,0,0,17,214,17,0,0,55,631
lurkingchupacabra.jpg,24219,6961,194,0,0,939,2849,70,0,0,298,466,0,0,0,0,0,1,0,0,0,38,140,7,0,0,168,317,0,0,0,44,0,0,0,0,0,0,0,0,0,0,5,12,0,0,0,8,0,0,0,0,0,0,0,0,0,0,0,0,0,0,0,0
makeshiftmunitions.jpg,8886,953,0,0,3,445,80,0,0,0,0,0,0,0,0,0,2730,289,0,0,604,3988,561,0,0,11,506,72,0,0,0,0,11,5,0,0,426,1918,150,0,16,1656,3158,338,0,0,23,3411,0,0,0,0,161,5,0,0,234,1826,912,39,0,5,565,2749
maraudinglooter.jpg,10666,421,0,0,0,359,0,0,0,0,0,0,0,0,0,0,7734,187,0,0,964,2348,44,0,0,4,10,0,0,0,0,0,1101,4,0,0,4280,2692,12,0,15,469,98,0,0,0,0,0,3,0,0,0,922,349,0,0,808,2387,146,0,1,357,348,7
marchofthedrowned.jpg,9651,364,0,0,142,4012,3,0,0,201,174,0,0,0,0,0,47,2,0,0,62,2676,390,0,0,207,3596,0,0,0,11,11,0,0,0,0,0,32,1,0,0,66,10125,195,0,0,203,1569,0,0,0,0,0,0,0,0,0,0,44,2,0,0,57,2893
markofthevampire.jpg,26030,1252,0,0,691,3273,0,0,0,26,8,0,0,0,0,0,97,29,0,0,223,1741,48,0,0,213,1116,0,0,0,1,0,0,0,0,0,0,64,6,0,0,45,819,59,0,0,44,551,0,0,0,0,0,0,0,0,0,0,18,1,0,0,17,364
mavrenfeinduskapostle.jpg,26726,36,0,0,400,21,0,0,0,0,0,0,0,0,0,0,340,0,0,0,2287,1985,0,0,47,291,5,0,0,0,0,0,0,0,0,0,0,57,2,0,48,2115,683,1,0,65,355,0,0,0,0,0,0,0,0,0,0,1,28,1,0,55,1047,140
merfolkbranchwalker4.jpg,16955,547,1039,0,2457,5057,230,6,2,636,713,7,0,0,0,0,10,62,871,0,178,1352,610,23,34,1577,2541,234,0,0,44,443,0,0,0,0,1,13,36,13,27,295,254,48,0,13,104,226,0,0,0,0,0,0,0,0,0,4,13,1,0,5,46,9
mountain1.jpg,21293,327,0,0,2,126,0,0,0,0,0,0,0,0,0,0,2586,314,0,0,1283,3746,0,0,0,0,0,0,0,0,0,0,33,0,0,0,490,2041,0,0,3,773,6,0,0,0,0,0,0,0,0,0,9,104,0,0,1,2764,76,0,0,577,182,0
mountain2.jpg,17413,284,0,0,75,121,0,0,0,0,0,0,0,0,0,0,3994,778,0,0,1137,5815,7,0,0,4,1,0,0,0,0,0,344,0,0,0,260,1751,133,0,0,89,1938,0,0,0,0,0,0,0,0,0,6,1077,9,0,0,689,811,0,0,0,0,0
mountain3.jpg,3594,0,0,0,0,0,0,0,0,0,0,0,0,0,0,0,8455,63,0,0,241,691,0,0,0,0,0,0,0,0,0,0,1756,0,0,0,3714,2488,237,0,41,449,1845,756,0,0,0,40,0,0,0,0,1979,199,0,0,2845,4506,486,198,0,626,1405,122
mountain4.jpg,8235,126,0,0,92,0,0,0,0,0,0,0,0,0,0,0,3874,1427,5,0,3571,2333,1726,0,135,23,9,0,0,0,0,0,13,8,0,0,408,1439,3552,0,1059,620,2009,5207,69,63,0,31,0,0,0,0,0,0,0,0,25,63,123,202,52,76,11,150
navigatorsruin.jpg,10826,2946,21,0,19,593,2333,3,0,2,946,445,0,0,0,0,6227,453,0,0,942,1371,566,3,0,17,425,1641,0,0,0,47,152,4,0,0,913,2495,55,0,55,511,409,324,0,0,13,397,0,0,0,0,16,49,0,0,16,479,536,23,0,27,267,169
nestrobber.jpg,8355,129,0,0,380,753,70,0,0,7,189,11,0,0,5,2,2800,33,0,0,3610,8789,614,0,35,140,417,10,0,0,35,21,32,0,0,0,1105,1481,52,0,94,2242,3826,32,1,41,19,36,0,0,0,0,95,0,0,0,68,36,202,3,0,70,264,632
newhorizons.jpg,11559,0,0,0,3,0,0,0,0,0,0,0,0,0,0,0,1909,9,0,0,3438,1134,0,0,0,10,0,0,0,0,0,0,0,0,0,0,1442,1170,0,0,124,3303,954,0,0,2,39,0,0,0,0,0,0,0,0,0,5,2199,2109,0,0,895,5841,591
oldgrowthdryads.jpg,21480,0,0,0,243,0,0,0,0,0,0,0,0,0,0,0,1504,17,0,0,4435,1940,0,0,10,169,0,0,0,0,0,0,0,0,0,0,44,220,2,0,54,1592,1667,0,0,3,564,0,0,0,0,0,0,0,0,0,0,6,151,1,0,10,1955,669
onewiththewind.jpg,790,1401,230,0,362,2920,1331,26,0,366,513,568,0,0,1,30,189,1490,269,0,8,1199,465,34,0,1262,3852,337,0,0,24,107,263,2673,215,0,5,426,459,4,0,0,1313,652,0,0,305,1771,357,1535,65,0,1,2083,963,1,0,21,1118,182,0,0,106,4444
opt.jpg,9846,200,0,0,6,607,1,0,0,0,0,0,0,0,0,0,1886,24,0,0,924,3045,1519,0,0,13,2550,796,0,0,0,0,227,0,0,0,74,516,13,0,2,289,5835,1274,0,0,22,2034,0,0,0,0,0,2,0,0,0,29,71,15,0,1,69,4846
otepechuntmaster1.jpg,8471,42,0,0,78,172,7,0,0,3,5,0,0,0,0,0,4481,139,0,0,2480,2052,24,0,5,134,17,0,0,0,0,0,899,80,0,0,871,3214,42,0,14,1507,1244,8,0,25,254,16,54,0,0,0,164,1005,15,0,0,678,2303,8,0,28,1981,4216
overflowinginsight.jpg,5287,1855,0,0,1638,2709,175,0,38,69,42,0,0,0,0,0,1015,853,0,0,284,3255,2554,0,263,1155,2272,112,0,2,0,13,127,123,0,0,8,237,134,0,0,492,6006,2353,0,118,184,712,0,0,0,0,0,0,2,0,0,26,107,107,0,25,352,2032
paladinofthebloodstained.jpg,12346,41,0,0,0,0,0,0,0,0,0,0,0,0,0,0,6179,171,0,0,2222,2495,5,0,0,0,1,0,0,0,0,0,104,0,0,0,1548,3907,66,0,6,2322,1719,0,0,0,0,0,0,0,0,0,0,19,0,0,5,689,1084,0,0,11,1670,126
perilousvoyage.jpg,12162,326,0,0,176,497,0,0,0,0,0,0,0,0,0,0,833,0,0,0,1620,4759,402,0,0,88,519,0,0,0,0,0,8,0,0,0,230,213,4,0,29,1075,8741,295,0,0,188,672,0,0,0,0,0,0,0,0,0,85,102,1,0,0,317,3394
pillaroforigins.jpg,18443,0,0,0,1316,18,0,0,11,15,0,0,0,0,0,0,1672,0,0,0,5312,4578,0,0,28,715,4,0,0,1,1,0,72,0,0,0,387,505,0,0,1,2798,281,0,0,14,23,0,0,0,0,0,17,18,0,0,7,60,128,0,0,7,300,4
piousinterdiction.jpg,4187,572,5,0,9,162,42,0,0,0,0,56,0,0,0,14,3402,3060,79,0,552,5945,1622,0,0,17,505,1134,0,0,0,452,282,660,13,0,14,2189,349,0,0,1030,2430,144,0,0,19,794,8,2,0,0,8,341,74,0,0,61,1461,32,0,1,1882,3127
piratescutlass.jpg,5947,5,0,0,0,0,0,0,0,0,0,0,0,0,0,0,2524,24,0,0,1053,7626,27,0,0,0,0,0,0,0,0,0,0,0,0,0,1,1985,67,0,0,460,9520,192,0,0,6,38,0,0,0,0,0,0,0,0,0,3,169,63,0,0,58,6968
piratesprize.jpg,8611,61,0,0,409,1343,13,0,0,22,10,0,0,0,0,0,3701,15,0,0,917,3301,148,0,0,343,854,5,0,0,0,0,382,50,0,0,273,2735,243,0,13,1010,6249,152,0,0,188,597,5,2,0,0,1,77,17,0,0,131,1445,58,0,2,545,2808
plains1.jpg,5642,806,0,0,37,286,0,0,0,0,0,0,0,0,0,0,190,21,0,0,684,5690,1350,0,0,29,1602,0,0,0,0,0,0,0,0,0,384,826,12,0,85,2669,8285,1096,0,0,1,1204,0,0,0,0,0,0,0,0,0,1122,846,16,0,205,828,2820
plains22.jpg,9410,735,0,0,91,276,0,0,0,0,0,0,0,0,0,0,852,22,0,0,1128,6821,0,0,0,11,3,0,0,0,0,0,0,0,0,0,0,692,2,0,0,612,4223,0,0,0,0,0,0,0,0,0,0,0,0,0,0,0,3756,0,0,0,3387,4715
plains33.jpg,2844,10,0,0,1972,0,0,0,0,0,0,0,0,0,0,0,1161,0,0,0,4583,311,0,0,1829,1763,177,1,0,0,0,0,9,3,0,0,378,37,0,0,6327,2490,1589,415,279,261,1672,3751,0,0,0,0,2,2,0,0,775,180,2,0,789,299,161,2664
plains44.jpg,3146,401,3,0,2315,999,41,0,278,663,215,0,0,0,0,0,5,78,0,0,409,1558,2013,24,739,3115,3283,1165,7,1244,750,11,0,0,0,0,0,2,14,12,30,540,1142,3757,36,2125,2576,1553,0,0,0,0,0,0,0,0,0,0,0,35,0,6,5,2441
pounce.jpg,9567,355,0,0,149,447,1,0,0,0,0,0,0,0,0,0,1871,294,0,0,1320,6731,353,0,14,267,746,0,0,0,0,0,92,1,0,0,170,1442,63,0,92,1725,3420,104,0,0,50,851,0,0,0,0,16,180,0,0,6,426,287,7,0,13,156,5520
priestofthewakeningsun.jpg,8190,0,0,0,0,0,0,0,0,0,0,0,0,0,0,0,5979,0,0,0,1953,473,0,0,0,0,0,0,0,0,0,0,1126,0,0,0,3617,1019,0,0,146,721,243,0,0,0,0,0,7,0,0,0,574,26,0,0,334,2191,204,0,10,315,1975,7633
primalamulet.jpg,25429,1040,0,0,2212,2436,862,0,0,1291,721,17,0,11,141,0,444,0,0,0,1187,279,0,0,2,219,124,0,0,0,228,1,0,0,0,0,19,16,0,0,0,19,8,0,0,0,5,22,0,0,0,0,0,0,0,0,0,3,0,0,0,0,0,0
prosperouspirates.jpg,7390,59,0,0,9,4,0,0,0,0,0,0,0,0,0,0,4850,141,0,0,1337,6304,45,0,0,7,7,0,0,0,0,0,204,10,0,0,595,5027,120,0,2,1214,2444,24,0,0,8,6,0,1,0,0,25,71,4,0,6,725,2555,23,0,3,869,2647
pryingblade.jpg,13802,29,0,0,3544,196,0,0,12,2,0,0,0,0,0,0,2845,8,0,0,1027,2582,3,0,13,2128,308,0,0,0,18,0,109,0,0,0,315,725,0,0,37,834,1954,0,0,1,2517,563,4,0,0,0,86,44,0,0,74,176,303,0,3,16,516,1942
pterodonknight.jpg,3267,0,0,0,0,0,0,0,0,0,0,0,0,0,0,0,2402,0,0,0,1298,1034,0,0,0,0,0,0,0,0,0,0,189,0,0,0,975,1745,5,0,32,3062,710,0,0,0,0,0,0,0,0,0,103,57,0,0,61,3517,1150,2,0,135,9735,7257
queensagent.jpg,21331,193,0,0,70,255,0,0,0,0,0,0,0,0,0,0,1006,173,0,0,152,2263,101,0,0,70,321,0,0,0,2,0,0,0,0,0,0,256,21,0,0,63,2275,392,0,0,784,2500,0,0,0,0,0,0,0,0,0,0,55,6,0,0,9,4438
queensbaysoldier1.jpg,5080,644,0,0,1089,6227,400,0,0,525,7336,636,0,0,267,1412,2,0,0,0,307,407,2,0,5,1140,2940,102,0,0,1404,4756,0,0,0,0,0,0,0,0,0,95,187,1,0,0,321,1182,0,0,0,0,0,0,0,0,0,0,0,0,0,0,89,180
queenscommission.jpg,28910,422,0,0,2,454,0,0,0,0,0,0,0,0,0,0,1358,43,0,0,2345,974,42,0,0,0,2,0,0,0,0,0,1,0,0,0,160,448,42,0,20,530,387,9,0,0,0,1,0,0,0,0,0,0,0,0,0,81,119,22,0,9,128,227
raiderswake.jpg,8276,0,0,0,1,0,0,0,0,0,0,0,0,0,0,0,11425,0,0,0,3862,201,0,0,0,0,0,0,0,0,0,0,128,0,0,0,5213,1161,0,0,23,223,0,0,0,0,0,0,0,0,0,0,224,137,0,0,291,3927,101,0,0,826,649,68
rallyingroar.jpg,3857,109,1,0,7,4,21,0,0,0,0,0,0,0,0,0,4777,459,1,0,636,744,25,1,0,26,4,0,0,0,0,0,214,133,1,0,502,4110,869,0,12,1737,4924,311,0,31,965,91,0,0,0,0,200,20,65,0,176,438,5796,493,0,67,2737,2172
rampagingferocidon.jpg,11547,17,0,0,31,4,0,0,0,0,0,0,0,0,0,0,4385,70,0,0,3178,4353,298,0,0,3,175,0,0,0,0,0,202,1,0,0,190,1434,37,0,0,1165,3860,886,0,0,2,120,0,0,0,0,1,29,1,0,0,77,806,72,0,2,514,3276
rangingraptors.jpg,13054,512,0,0,441,252,14,0,11,60,74,0,0,3,44,12,2725,179,1,0,5472,2817,174,2,126,889,166,77,0,8,62,40,246,4,0,0,1012,1014,94,1,300,2835,1549,78,0,41,522,34,0,0,0,0,93,328,5,0,60,541,387,10,20,108,110,129
raptorcompanion.jpg,5951,0,0,0,1,0,0,0,0,0,0,0,0,0,0,0,6572,1,0,0,3895,1189,0,0,0,0,0,0,0,0,0,0,167,0,0,0,982,3603,1,0,6,3360,1730,0,0,0,0,0,6,0,0,0,80,37,0,0,36,1040,4157,0,0,8,3208,706
raptorhatchling.jpg,11328,186,0,0,4,14,0,0,0,0,0,0,0,0,0,0,4294,465,0,0,2820,1702,28,0,0,10,13,0,0,0,0,0,1252,53,0,0,1794,1333,10,0,679,5366,2394,16,0,0,142,23,3,1,0,0,163,576,1,0,0,170,365,30,0,14,769,718
ravenousdaggertooth.jpg,18203,3,0,0,1013,28,0,0,2,12,13,0,0,0,0,0,2716,20,0,0,3684,201,17,0,235,146,52,23,0,0,0,6,414,41,9,0,1934,596,91,5,475,1557,192,75,0,81,86,40,298,29,1,0,1011,440,16,0,133,937,240,8,0,360,1034,259
regisauralpha.jpg,10432,1388,0,0,75,4185,469,0,0,0,5,0,0,0,0,0,1012,68,0,0,119,2513,1177,0,0,75,2893,815,0,0,0,123,184,6,0,0,399,548,35,0,2,69,1964,1947,0,0,15,2892,0,0,0,0,13,92,2,0,2,142,304,20,0,0,54,2697
repeatingbarrage3.jpg,7379,761,105,0,5,4,1,0,0,0,1,0,0,0,0,0,7695,361,548,0,888,1032,1072,8,0,25,553,4,0,0,0,0,2496,26,0,0,589,1109,488,25,24,462,3170,573,0,0,424,2218,126,2,0,0,116,146,0,0,1,86,411,26,0,0,484,3292
revelinriches1.jpg,5475,8089,265,0,45,739,2592,0,0,0,1,0,0,0,0,0,2453,92,0,0,661,1771,934,3,0,105,1338,57,0,0,0,1,78,103,0,0,371,818,50,0,258,672,4569,651,0,0,213,697,0,0,0,0,0,8,4,0,107,249,406,61,26,231,794,1749
riggingrunner4.jpg,20837,250,0,0,223,22,0,0,0,0,0,0,0,0,0,0,4786,78,0,0,3213,1469,23,0,1,48,0,0,0,0,0,0,1223,31,0,0,1104,964,42,0,124,824,427,1,0,4,5,0,0,0,0,0,1,58,9,0,30,537,206,12,0,21,92,71
rile1.jpg,6458,1361,0,0,20,1173,40,2,0,0,24,55,0,0,0,0,1612,190,0,0,380,2944,2423,11,0,58,2697,5932,0,0,1,2,80,432,0,0,7,3165,785,0,0,538,3135,616,0,0,1,1073,0,0,0,0,0,6,59,0,0,4,472,153,0,0,2,825
ripjawraptor.jpg,14127,768,0,0,25,101,9,0,0,0,0,0,0,0,0,0,1689,2371,0,0,362,4726,761,0,0,268,1386,92,0,0,0,0,8,639,0,0,0,670,556,0,0,197,3714,1271,0,0,205,1388,0,0,0,0,0,47,188,0,0,5,388,22,0,0,38,715
ritualofrejuvenation.jpg,4378,0,0,0,0,0,0,0,0,0,0,0,0,0,0,0,9678,0,0,0,3703,851,0,0,0,1,0,0,0,0,0,0,90,0,0,0,3270,2198,0,0,49,5078,1840,0,0,0,241,0,0,0,0,0,26,12,0,0,16,948,693,0,0,25,3348,291
riverheraldsboon2.jpg,11379,570,7,0,3616,2189,114,0,31,228,39,0,0,0,0,0,1567,98,0,0,1797,2365,329,6,149,2281,1302,77,0,29,124,4,161,37,0,0,422,607,27,0,14,698,1287,85,0,30,1059,715,0,0,0,0,46,99,10,0,11,198,378,7,0,2,314,2228
riversneak.jpg,6713,1443,5,0,469,3990,2520,0,0,521,4331,3089,0,0,444,5304,283,283,2,0,621,1099,573,0,9,310,1296,273,0,0,29,1288,22,10,3,0,20,66,122,1,1,209,197,246,0,15,19,627,0,0,0,0,0,0,4,1,0,4,17,28,0,1,14,214
riversrebuke1.jpg,10864,57,0,0,2661,757,2,0,19,95,0,0,0,0,0,0,210,41,0,0,1471,2602,12,0,7,3403,451,0,0,42,59,0,1,0,0,0,728,189,3,0,119,1872,2439,2,0,56,3074,137,0,0,0,0,101,1,0,0,496,304,75,0,0,17,1243,3126
rootboundcrag1.jpg,20141,46,0,0,188,75,0,0,0,0,0,0,0,0,0,0,97,8,0,0,1212,2843,27,0,0,44,49,0,0,0,0,0,0,0,0,0,217,1026,4,0,1,1763,2262,0,0,0,7,0,0,0,0,0,0,0,0,0,0,191,916,0,0,3,3114,2502
rowdycrew1.jpg,12574,1460,20,0,0,33,195,1,0,0,0,0,0,0,0,0,6829,678,0,0,155,624,227,32,0,7,26,327,0,0,0,0,3146,138,0,0,1646,2301,83,0,19,237,181,152,0,0,3,249,1,0,0,0,440,924,5,0,45,2562,492,16,0,221,391,296
ruinraider1.jpg,25372,28,0,0,1863,6107,8,0,0,1,7,0,0,0,0,0,161,12,0,0,34,2401,1,0,0,231,95,0,0,0,0,0,0,0,0,0,0,45,2,0,0,42,306,2,0,0,2,13,0,0,0,0,0,0,0,0,0,0,0,0,0,0,0,3
rummaginggoblin.jpg,18385,35,0,0,10,12,0,0,0,0,0,0,0,0,0,0,2576,10,0,0,3397,4941,77,0,0,54,198,0,0,0,0,0,45,0,0,0,106,831,3,0,13,1231,1698,1,0,0,0,1,0,0,0,0,0,0,0,0,0,106,680,0,0,7,1510,809
runaground.jpg,654,437,20,0,33,1352,349,0,0,475,2106,108,0,0,562,71,235,361,29,0,89,1436,143,2,25,673,2827,142,0,0,486,255,317,269,6,0,107,769,74,0,335,1187,5420,134,0,0,1859,2559,0,23,0,0,0,75,34,0,30,69,1192,28,0,1,1637,7741
ruthlessknave1.jpg,13519,2807,0,0,280,7258,1481,0,0,0,1152,0,0,0,0,0,1263,1,0,0,2710,1941,484,0,0,105,1892,21,0,0,0,0,0,0,0,0,291,280,0,0,0,208,448,7,0,0,67,131,0,0,0,0,3,1,0,0,1,39,7,0,0,0,11,328
sailorofmeans.jpg,18028,303,0,0,1,1,0,0,0,0,0,0,0,0,0,0,3423,2564,0,0,134,3903,2355,0,0,0,40,0,0,0,0,0,3,0,0,0,1,635,1911,0,0,20,1936,234,0,0,0,0,0,0,0,0,0,0,0,0,0,0,653,504,0,0,3,84
sanctumseeker.jpg,10286,13,0,0,0,3,0,0,0,0,0,0,0,0,0,0,3351,136,0,0,1205,3913,192,0,0,0,0,0,0,0,0,0,0,0,0,0,86,3068,702,0,0,795,7036,1161,0,0,0,29,0,0,0,0,0,0,0,0,0,80,2872,869,0,0,211,728
sanguinesacrament1.jpg,11282,0,0,0,59,0,0,0,0,0,0,0,0,0,0,0,3920,0,0,0,3871,3634,0,0,0,466,65,0,0,0,0,0,536,5,0,0,51,544,0,0,2,3336,4242,0,0,0,846,68,0,0,0,0,0,0,0,0,0,9,170,0,0,0,2170,1460
savagestomp.jpg,5617,334,0,0,1577,1111,48,0,5,1,12,0,0,0,0,0,4713,410,0,0,1426,5186,104,0,96,674,212,0,0,0,0,0,2143,312,0,0,71,2658,209,0,6,1510,1776,37,0,20,194,65,10,22,0,0,6,474,52,0,2,480,953,24,0,70,2562,1554
searchforazcanta.jpg,10287,227,0,0,2349,4947,4,0,4,44,22,0,0,0,0,0,374,63,0,0,500,3426,78,0,41,3319,2868,90,0,3,94,80,84,73,0,0,7,209,9,0,1,570,1634,29,0,57,1910,1428,0,0,0,0,0,14,7,0,0,3,80,3,0,0,443,1355
seekerssquire.jpg,18392,310,0,0,231,1034,0,0,0,17,5,0,0,0,0,0,943,7,0,0,1621,2965,22,0,0,642,941,0,0,0,38,0,2,0,0,0,1202,264,1,0,224,1154,975,2,0,0,655,217,0,0,0,0,13,7,0,0,165,1118,176,0,1,536,2015,841
sentineltotem.jpg,5379,0,0,0,2619,553,0,0,1,475,48,0,0,0,0,0,151,0,0,0,2087,2670,0,0,6,1268,835,2,0,0,268,43,0,0,0,0,4,523,0,0,0,2431,2576,1,0,5,1004,1095,0,0,0,0,0,0,0,0,0,1,627,0,0,0,2305,9759
settlethewreckage.jpg,8219,183,0,0,3,122,36,0,0,0,6,162,0,0,0,0,2819,23,0,0,1986,4889,208,0,0,4,401,4382,0,0,0,102,40,0,0,0,1175,1554,12,0,5,1116,2945,1331,0,0,23,2804,0,0,0,0,1,0,0,0,1,468,877,5,0,2,134,698
shadowedcaravel.jpg,16949,658,0,0,293,1183,0,0,0,0,0,0,0,0,0,0,161,4,0,0,649,5527,2022,0,0,74,3530,0,0,0,0,0,0,0,0,0,0,14,4,0,0,14,4896,407,0,0,3,307,0,0,0,0,0,0,0,0,0,0,0,0,0,0,0,41
shaperapprentice.jpg,22218,2339,6,0,96,2000,19,0,0,0,0,0,0,0,0,0,0,5,0,0,54,4725,1318,6,0,39,738,2,0,0,0,0,0,0,0,0,0,0,0,0,0,8,1284,543,0,0,4,652,0,0,0,0,0,0,0,0,0,0,0,0,0,0,1,679
shapersofnature.jpg,7534,66,0,0,1524,241,0,0,4,4,0,0,0,0,0,0,2580,308,0,0,2219,7395,97,0,13,555,21,0,0,1,0,0,59,1,0,0,182,2484,270,0,4,3214,2844,48,0,2,22,1,0,0,0,0,0,11,0,0,0,33,875,40,0,1,939,3144
shaperssanctuary1.jpg,13905,1381,30,0,1896,1373,40,0,0,2,0,0,0,0,0,0,945,417,4,0,3749,5648,454,2,18,302,82,4,0,0,0,0,0,0,0,0,55,714,159,2,48,1887,1763,115,0,9,29,25,0,0,0,0,0,0,0,0,0,46,309,106,0,63,666,488
shelteringlight.jpg,10487,276,0,0,85,571,39,0,0,0,3,0,0,0,0,0,1424,62,0,0,1984,5330,373,0,0,143,720,28,0,0,0,69,20,1,0,0,707,932,4,0,734,2244,1605,67,0,0,208,1478,0,0,0,0,0,0,0,0,511,794,106,0,76,1262,3085,1308
shiningaerosaur.jpg,1409,7,0,0,0,11,1,0,0,0,1,0,0,0,0,0,1850,20,0,0,423,397,39,0,0,5,1839,26,0,0,0,0,986,1,0,0,579,775,9,0,1,290,3984,770,0,0,999,1625,25,0,0,0,376,39,1,0,21,361,353,9,0,0,1258,18246
shipwrecklooter.jpg,9025,394,1,0,94,443,1,0,0,0,0,0,0,0,0,0,1383,110,0,0,657,2813,275,0,0,91,980,1,0,0,0,0,19,4,0,0,80,976,24,0,0,1251,4203,1602,0,0,111,5230,0,0,0,0,0,5,0,0,0,46,340,100,0,5,1744,4728
shorekeeper.jpg,8336,496,0,0,59,1436,952,0,0,0,0,0,0,0,0,0,2531,359,0,0,5202,3190,2166,0,1,94,2015,1451,0,0,0,0,22,0,0,0,391,1580,19,0,9,3011,2766,204,0,0,149,57,0,0,0,0,0,1,0,0,0,59,76,0,0,0,42,62
sirenlookout.jpg,2203,698,1,0,1,489,1778,1217,0,15,760,9676,0,0,0,3468,469,47,0,0,43,541,311,0,0,14,933,6713,0,0,0,1002,48,8,0,0,71,265,66,0,0,88,622,691,0,0,6,2068,0,0,0,0,0,2,0,0,0,23,334,9,0,0,108,1948
sirensruse.jpg,3582,2192,151,0,311,2955,5328,694,0,27,4688,6423,0,0,2,926,63,0,0,0,67,964,357,6,0,32,2192,1580,0,0,55,2136,0,0,0,0,0,30,1,0,0,41,368,159,0,0,15,1244,0,0,0,0,0,0,0,0,0,0,12,0,0,0,15,120
sirenstormtamer.jpg,23305,645,0,0,0,481,1,0,0,0,0,0,0,0,0,0,1329,786,0,0,161,2315,150,0,0,0,37,0,0,0,0,0,4,0,0,0,94,3600,396,0,0,646,367,1,0,0,0,0,0,0,0,0,2,103,0,0,0,1299,1004,0,0,0,9,1
skitteringheartstopper1.jpg,13896,465,28,0,2113,651,324,1,1,22,12,6,0,0,0,0,3660,82,17,0,1644,2076,532,3,22,1257,355,118,0,0,3,0,881,6,0,0,1971,414,34,4,261,1033,533,152,0,14,244,55,6,0,0,0,264,99,0,0,1076,879,205,6,92,585,543,91
skulduggery.jpg,18710,2,0,0,298,14,0,0,0,0,0,0,0,0,0,0,1523,2,0,0,5057,4314,2,0,0,408,18,0,0,0,0,0,0,0,0,0,123,432,0,0,24,2130,2545,0,0,0,201,0,0,0,0,0,0,0,0,0,1,31,105,0,0,10,674,112
skybladeofthelegion.jpg,16295,204,0,0,6,366,0,0,0,0,0,0,0,0,0,0,2109,107,0,0,542,8988,316,0,0,17,280,0,0,0,0,0,5,1,0,0,82,708,48,0,0,347,4491,35,0,0,27,96,0,0,0,0,0,0,0,0,0,25,446,17,0,0,240,938
skymarchbloodletter.jpg,14870,1183,3,0,21,284,31,0,0,0,0,0,0,0,0,0,701,333,0,0,507,4699,413,0,0,24,531,14,0,0,0,0,0,0,0,0,0,1701,42,0,0,845,6289,111,0,0,25,23,0,0,0,0,0,0,0,0,0,6,971,1,0,0,1043,2065
skyterror4.jpg,7878,50,0,0,109,437,20,0,0,0,0,0,0,0,0,0,4323,7,0,0,1323,6989,333,0,0,198,693,0,0,0,0,0,742,0,0,0,203,3116,30,0,0,1340,3848,0,0,0,1,0,59,0,0,0,5,101,1,0,0,162,4426,6,0,0,242,94
slashoftalons.jpg,12582,251,0,0,942,3424,346,0,0,39,686,32,0,0,0,3,1789,16,0,0,1419,2804,94,0,13,1069,1447,84,0,0,3,112,68,1,0,0,380,509,2,0,26,2011,1077,11,0,128,1066,110,0,0,0,0,11,44,0,0,7,263,164,0,0,44,3156,503
sleekschooner.jpg,7917,972,0,0,1633,7328,1956,0,13,302,2725,895,0,0,5,465,83,18,0,0,258,1127,37,0,75,387,1093,173,0,2,27,1556,21,45,0,0,3,474,78,0,0,200,935,41,0,7,164,2327,0,3,0,0,0,464,168,0,0,24,441,5,0,0,546,1743
sliceintwain.jpg,8353,193,0,0,1746,2183,145,0,16,318,515,4,0,1,0,0,155,29,0,0,682,4075,181,0,35,2280,3934,262,0,800,1347,786,0,0,0,0,0,6,22,0,0,59,581,101,0,881,3697,2925,0,0,0,0,0,0,0,0,0,0,2,4,0,4,45,369
snappingsailback.jpg,7808,339,0,0,373,211,18,0,0,0,0,0,0,0,0,0,3530,487,1,0,3731,7363,617,0,0,247,2353,0,0,0,0,0,467,49,0,0,541,946,17,0,15,462,3402,77,0,0,778,663,6,0,0,0,160,86,2,0,53,364,114,3,0,2,217,1234
sorcerousspyglass1.jpg,20010,10,0,0,243,747,2,0,0,692,1059,8,0,0,3,2,2691,4,0,0,1663,310,32,0,11,274,2030,343,0,0,118,764,25,0,0,0,2179,117,3,0,243,510,145,22,0,0,107,1449,0,0,0,0,7,0,0,0,88,432,6,0,0,153,91,143
spellpierce.jpg,8345,357,1,0,254,422,20,0,0,18,153,17,0,0,13,52,10461,377,9,0,719,1340,151,1,0,32,55,20,0,0,8,116,1155,15,0,0,618,3901,23,0,0,1215,2261,1,0,0,5,4,171,0,0,0,318,115,1,0,13,260,2537,10,0,0,430,742
spellswindle1.jpg,1998,156,0,0,4,79,211,0,0,0,0,0,0,0,0,0,1344,33,0,0,380,608,820,0,0,13,147,4,0,0,0,0,25,6,0,0,752,1105,3192,0,34,526,2361,11,0,0,379,544,0,0,0,0,575,1845,96,0,2602,12350,909,5,0,497,2069,1056
spiketailedceratops.jpg,23956,104,0,0,434,181,0,0,0,0,0,0,0,0,0,0,2042,164,0,0,2125,6151,30,0,0,87,35,0,0,0,0,0,0,0,0,0,102,221,63,0,2,287,525,0,0,0,9,0,0,0,0,0,0,0,0,0,0,13,46,18,0,4,68,69
spreadingrot.jpg,16486,1084,0,0,705,3453,0,0,0,0,0,0,0,0,0,0,75,45,0,0,840,6327,672,0,13,119,2751,0,0,0,0,0,0,0,0,0,0,1,0,0,0,94,2213,533,0,1,10,675,0,0,0,0,0,0,0,0,0,0,0,0,0,0,6,633
starofextinction2.jpg,10986,15,0,0,0,34,45,0,0,0,0,0,0,0,0,0,4213,18,0,0,74,1154,256,0,0,0,68,0,0,0,0,0,1451,0,0,0,2192,2140,15,0,1,170,162,0,0,0,0,0,2,0,0,0,2968,309,0,0,3037,4577,0,0,77,1741,598,433
steadfastarmasaur.jpg,16500,3863,0,0,482,2606,320,0,0,1,15,0,0,0,0,0,1002,357,2,0,335,2760,1252,0,82,177,1170,4,0,0,0,0,254,28,0,0,364,572,263,0,103,792,1333,95,1,232,12,36,5,0,0,0,162,70,0,0,131,182,340,102,5,390,119,217
stonequarry.jpg,11723,22,0,0,0,0,0,0,0,0,0,0,0,0,0,0,8648,151,0,0,592,503,27,0,0,0,12,0,0,0,0,0,407,0,0,0,6240,2519,136,0,0,123,266,0,0,0,0,0,0,0,0,0,600,1526,0,0,45,2908,281,3,0,0,4,0
stormfleetaerialist.jpg,2333,36,0,0,7,49,2,0,0,0,0,0,0,0,0,0,2102,95,0,0,1327,1743,140,0,0,24,117,125,0,0,0,0,79,46,0,0,834,2427,138,0,14,3411,3200,1616,0,0,13,1654,0,0,0,0,19,216,79,0,7,3774,4015,179,0,7,1033,5875
stormfleetarsonist.jpg,12665,2110,0,0,121,4023,47,0,0,0,0,0,0,0,0,0,5842,27,0,0,667,2199,30,0,0,194,232,0,0,0,0,0,2315,1,0,0,1691,577,1,0,64,479,345,1,0,0,73,7,31,0,0,0,587,177,0,0,657,1133,17,0,1,313,103,6
stormfleetpyromancer.jpg,5550,260,0,0,0,157,71,0,0,0,59,15,0,0,0,0,6767,347,0,0,230,956,381,0,0,0,280,108,0,0,0,3,2384,236,0,0,2132,1324,234,0,8,56,1063,1712,0,0,1,836,78,52,0,0,3158,1369,137,0,4096,305,516,49,917,767,11,111
stormfleetspy1.jpg,9644,490,0,0,14,654,57,0,0,0,4,0,0,0,0,0,2986,140,0,0,964,7087,690,0,0,71,903,1,0,0,0,0,11,7,0,0,113,1969,122,0,0,487,4065,136,0,0,137,579,0,0,0,0,0,7,0,0,0,28,870,136,0,0,76,4288
stormsculptor.jpg,1804,3767,2068,0,132,1651,10933,12,27,154,2290,83,0,0,0,24,119,235,25,0,0,442,1102,14,0,351,1902,1507,0,37,10,1379,62,194,25,0,0,30,185,2,0,0,66,275,0,0,3,4321,0,11,1,0,0,22,167,1,0,0,55,35,0,0,0,1213
sunbirdsinvocation1.jpg,926,0,0,0,0,0,0,0,0,0,0,0,0,0,0,0,5956,216,11,0,1068,813,47,0,0,0,0,0,0,0,0,0,1092,4,0,0,9496,3411,37,0,5,909,43,2,0,0,0,0,0,0,0,0,348,294,0,0,122,4930,603,0,0,516,4041,1846
sunblessedmount.jpg,7248,14,0,0,77,57,0,0,0,0,0,0,0,0,0,0,4920,318,0,0,3834,3373,9,0,0,156,35,0,0,0,0,0,336,224,13,0,435,3000,105,0,2,2815,5050,7,0,0,348,21,7,2,0,0,3,70,56,0,0,34,714,9,0,0,1203,2241
suncrownedhunters.jpg,4375,1580,0,0,1194,1243,3,0,0,0,0,0,0,0,0,0,1832,32,0,0,8904,3887,333,0,420,1382,473,0,0,0,2,0,550,22,0,0,423,1276,2,0,129,3692,1103,0,0,244,376,25,4,5,0,0,16,420,0,0,0,525,281,0,0,143,1453,387
sunpetalgrove1.jpg,13698,57,0,0,2607,351,19,0,0,0,8,0,0,0,0,0,114,4,0,0,2486,1753,105,0,100,2155,2075,1933,0,0,0,162,0,0,0,0,9,22,0,0,62,1690,2240,446,0,11,513,2454,0,0,0,0,0,0,0,0,0,12,17,0,0,24,1045,564
sunriseseeker.jpg,4164,798,0,0,1946,1840,3284,1,10,26,1486,1979,0,0,0,4,485,124,0,0,577,1846,354,0,86,2232,1775,871,0,9,27,1633,142,120,0,0,30,243,71,0,3,1118,1584,238,0,290,1479,3602,4,4,0,0,0,66,7,0,0,35,89,28,0,0,266,1760
surestrike.jpg,10992,1484,267,0,2,24,24,0,0,0,0,0,0,0,0,0,5008,1216,85,0,84,4028,437,9,0,0,137,23,0,0,0,0,607,100,2,0,87,1456,1063,4,0,36,4846,1571,0,0,12,850,0,1,0,0,3,34,2,0,0,7,609,236,0,0,22,1368
swamp1.jpg,31453,40,0,0,1829,515,8,0,0,1,0,0,0,0,0,0,44,0,0,0,350,901,13,0,0,423,225,0,0,0,10,0,0,0,0,0,0,2,0,0,0,50,473,0,0,0,351,29,0,0,0,0,0,0,0,0,0,0,0,0,0,0,2,17
swamp2.jpg,22475,118,0,0,2302,6751,19,0,0,13,18,0,0,0,0,0,0,6,0,0,4,1084,212,0,0,38,2971,5,0,0,61,92,0,0,0,0,0,0,1,0,0,0,135,61,0,0,5,365,0,0,0,0,0,0,0,0,0,0,0,0,0,0,0,0
swamp3.jpg,13142,48,0,0,30,33,0,0,0,0,0,0,0,0,0,0,6183,78,0,0,4605,2439,167,1,4,29,90,2,0,0,0,0,22,10,0,0,805,1635,47,0,226,3197,1628,202,0,0,3,19,0,0,0,0,0,0,0,0,1,942,629,4,0,274,225,16
swamp4.jpg,16419,450,0,0,718,7,0,0,0,0,0,0,0,0,0,0,4301,637,0,0,4638,2103,11,0,476,486,0,0,0,0,0,0,121,172,0,0,21,1910,496,0,100,1955,1054,0,0,40,199,0,0,0,0,0,0,52,10,0,0,32,96,0,0,0,159,73
swashbuckling.jpg,17175,159,0,0,1,12,0,0,0,0,0,0,0,0,0,0,4655,248,0,0,342,1057,465,0,0,4,196,0,0,0,0,0,151,1,0,0,784,1632,46,0,5,976,3331,236,0,0,2,4,0,0,0,0,2,60,0,0,2,2420,1260,0,0,309,1154,47
swordpointdiplomacy.jpg,25581,19,0,0,6,1,0,0,0,0,0,0,0,0,0,0,2670,10,0,0,2044,3394,1,0,0,1,0,0,0,0,0,0,0,0,0,0,9,908,0,0,0,884,850,0,0,0,0,0,0,0,0,0,0,0,0,0,0,18,87,0,0,3,205,45
tempestcaller.jpg,14078,2454,2,0,217,1927,108,0,0,27,3,0,0,0,0,0,574,764,30,0,275,10532,1763,3,0,180,804,68,0,0,22,0,0,34,21,0,0,143,271,5,0,83,1745,304,0,0,37,92,0,0,0,0,0,0,0,0,0,4,42,14,0,0,38,72
territorialhammerskull.jpg,1132,550,2,0,300,1656,361,1,5,121,114,11,0,0,0,0,504,189,0,0,1895,4172,1196,5,117,425,1275,269,0,2,15,26,263,0,0,0,715,2186,266,0,1164,1445,8238,1361,2,3,275,3677,0,0,0,0,87,37,0,0,1,632,261,24,0,4,107,1645
thaumaticcompass.jpg,22486,365,70,0,678,219,131,0,0,0,0,0,0,0,0,0,1759,21,0,0,1696,2479,31,0,0,14,44,141,0,0,0,13,38,0,0,0,296,1407,2,0,4,1030,1504,53,0,0,12,412,0,0,0,0,8,4,0,0,5,201,844,0,0,3,458,308
thrashofraptors.jpg,22365,10,0,0,1437,408,0,0,2,2,0,0,0,0,0,0,1019,7,0,0,1639,2991,2,0,27,1272,197,0,0,2,6,0,8,0,0,0,139,179,0,0,45,921,1277,0,0,58,1179,90,0,0,0,0,1,3,0,0,19,60,97,0,0,36,747,491
thunderingspineback1.jpg,7635,93,0,0,105,224,360,699,0,0,429,2543,0,0,0,0,1194,35,0,0,2471,2199,132,2,77,281,955,3506,0,0,0,104,104,38,0,0,241,608,35,0,158,3383,1988,757,0,12,31,2958,0,0,0,0,3,23,0,0,7,165,281,2,4,99,237,2558
tilonallisknight.jpg,7592,16,0,0,67,25,0,0,0,0,0,0,0,0,0,0,4172,167,0,0,1285,3367,2242,0,0,7,4279,0,0,0,0,0,325,1,0,0,643,855,28,0,54,539,8361,300,0,0,12,22,0,0,0,0,7,5,0,0,91,139,610,216,0,10,325,974
tilonallisskinshifter.jpg,11776,0,0,0,48,2,0,0,0,0,0,0,0,0,0,0,6108,0,0,0,29,9,0,0,0,0,0,0,0,0,0,0,9153,4,0,0,700,59,0,0,0,0,0,0,0,0,0,0,5842,2,0,0,2637,304,0,0,11,49,2,0,0,0,1,0
tishanaswayfinder.jpg,11911,1941,756,0,2572,690,342,54,11,98,1,0,0,0,0,0,163,770,1825,1,2902,1995,1051,49,681,1520,588,2,0,2,6,0,0,1,0,0,66,160,165,18,141,1491,1422,60,1,376,1532,310,0,0,0,0,0,0,0,0,5,33,13,8,0,100,403,500
tishanavoiceofthunder.jpg,4998,690,0,0,1203,6494,1270,0,0,323,1920,161,0,0,0,33,162,6,0,0,356,1070,231,0,69,1010,6714,551,0,2,186,690,11,0,0,0,268,55,9,0,109,324,1408,264,0,47,586,4568,0,0,0,0,0,0,0,0,18,44,10,0,0,0,30,846
tocatlihonorguard.jpg,5565,72,0,0,81,114,1,0,0,0,0,0,0,0,0,0,1828,29,0,0,1347,1936,129,0,74,58,186,0,0,0,0,0,80,0,0,0,335,960,16,0,71,1371,3097,83,0,16,143,822,0,0,0,0,1,13,0,0,5,1162,5633,166,0,2,2254,9086
treasuremap.jpg,15109,6,0,0,10,10,0,0,0,0,0,0,0,0,0,0,3064,2,0,0,4553,3531,5,0,0,8,0,0,0,0,0,0,207,0,0,0,763,1032,0,0,204,2368,431,0,0,0,1,0,0,0,0,0,21,26,0,0,45,1149,720,0,0,238,2790,443
troveoftemptation.jpg,9605,0,0,0,0,0,0,0,0,0,0,0,0,0,0,0,7293,67,0,0,1488,2676,27,0,0,0,0,0,0,0,0,0,69,2,0,0,1798,4741,105,0,71,806,1543,0,0,0,0,0,7,0,0,0,303,83,0,0,67,1207,3696,0,0,9,809,264
unclaimedterritory4.jpg,10756,0,0,0,2779,3749,0,0,0,117,0,0,0,0,0,0,1,0,0,0,132,1411,0,0,6,2299,1830,0,0,0,8,0,0,0,0,0,0,3,0,0,0,282,2379,1,0,11,1825,4406,0,0,0,0,0,0,0,0,0,7,4,0,0,10,163,4557
unfriendlyfire1.jpg,18903,125,3,0,0,0,1,0,0,0,0,0,0,0,0,0,4014,367,3,0,68,191,69,0,0,0,0,0,0,0,0,0,1253,55,0,0,404,861,425,0,3,56,161,11,0,0,0,0,162,1,0,0,1740,1761,61,0,125,3367,729,59,0,669,1046,43
unknownshores.jpg,4850,34,0,0,78,224,0,0,0,0,0,0,0,0,0,0,2231,5,0,0,4773,4722,52,0,2,58,204,29,0,0,0,3,0,0,0,0,474,1801,3,0,125,3013,5724,361,0,0,286,2391,0,0,0,0,0,0,0,0,0,128,1427,0,0,7,1836,1895
vampireszeal.jpg,9654,1023,0,0,86,1156,150,0,0,0,6,107,0,0,0,0,2391,99,0,0,1764,1363,488,0,0,125,714,2715,0,0,0,14,136,0,0,0,1265,434,25,0,244,614,1049,1168,0,0,17,3833,0,0,0,0,8,16,0,0,11,410,192,14,0,41,315,5089
vancesblastingcannons.jpg,12475,3162,0,0,0,1210,0,0,0,0,0,0,0,0,0,0,795,547,0,0,6,4123,1469,0,0,1,978,0,0,0,0,0,480,51,0,0,169,1332,505,0,0,4,3234,2190,0,0,0,1239,1,1,0,0,12,412,30,0,0,90,464,75,0,2,13,1666
vanquishersbanner1.jpg,6193,1071,0,0,17,3495,255,0,0,3,388,0,0,0,0,0,477,58,0,0,97,1132,2015,0,0,29,2419,84,0,0,0,0,149,5,0,0,158,2056,1197,0,2,252,6723,813,0,0,49,241,80,2,0,0,82,430,1,0,1,1035,2033,28,0,29,987,2650
vanquishtheweak.jpg,10338,28,0,0,0,2,0,0,0,0,0,0,0,0,0,0,4287,158,0,0,1656,2396,48,0,0,0,8,0,0,0,0,0,12,0,0,0,136,1930,152,0,2,1250,4143,140,0,0,53,128,0,0,0,0,0,0,0,0,0,42,996,71,0,1,919,7840
verdantrebirth.jpg,21563,68,0,0,44,61,0,0,0,0,0,0,0,0,0,0,5467,537,0,0,2513,450,67,0,0,2,55,3,0,0,0,0,28,46,6,0,2108,510,101,0,297,632,55,0,0,0,0,0,0,0,0,0,12,3,0,0,89,926,36,0,0,276,763,18
verdantsunsavatar1.jpg,18082,1,0,0,246,0,0,0,0,0,0,0,0,0,0,0,4285,26,0,0,3468,1031,1,0,94,53,1,0,0,0,0,0,75,13,0,0,693,869,4,0,706,1362,1531,14,7,10,39,6,0,0,0,0,0,30,1,0,112,527,696,17,45,791,994,906
viciousconquistador.jpg,14687,160,0,0,0,9,0,0,0,0,0,0,0,0,0,0,3698,574,0,0,305,1745,792,0,0,0,718,8,0,0,0,0,42,5,0,0,168,1889,748,0,0,239,3173,13,0,0,0,0,0,0,0,0,1,48,8,0,0,186,6226,25,0,0,941,328
vineshapermystic.jpg,13340,826,12,0,2430,3672,228,0,0,294,39,0,0,0,0,0,367,305,59,0,112,1838,1438,17,0,1880,5933,711,0,0,1173,440,12,10,0,0,94,242,84,3,0,30,333,155,0,0,160,481,0,0,0,0,1,2,0,0,0,1,0,0,0,0,7,7
vonabutcherofmagan.jpg,4717,2,0,0,4,17,0,0,0,0,0,0,0,0,0,0,4870,7,0,0,2181,1274,9,0,0,2,7,0,0,0,0,0,32,0,0,0,716,1730,5,0,0,925,6258,62,0,0,150,121,0,0,0,0,0,3,0,0,0,95,2120,28,0,0,2629,8772
vraskarelicseeker4.jpg,14792,0,0,0,14,44,0,0,0,11,0,0,0,0,0,0,6849,215,0,0,309,380,4,0,0,2,0,0,0,0,0,0,708,18,0,0,1247,3052,457,0,12,186,1250,10,0,0,0,1,1,0,0,0,85,249,8,0,13,546,5639,63,0,21,389,161
vraskascontempt1.jpg,8957,0,0,0,156,0,0,0,0,0,0,0,0,0,0,0,786,0,0,0,1854,7162,2,0,3,136,4,0,0,0,0,0,0,0,0,0,64,1709,2,0,6,2971,7965,0,0,1,96,13,0,0,0,0,0,0,0,0,0,207,602,0,0,15,2205,1820
wakeningsunsavatar.jpg,8306,1096,0,0,0,148,3,0,0,0,0,0,0,0,0,0,3801,491,0,0,1185,4698,412,0,0,0,143,34,0,0,0,0,39,0,0,0,603,4158,69,0,0,1416,977,93,0,0,0,290,0,0,0,0,0,33,0,0,0,191,2648,43,0,0,1839,4020
wakerofthewilds1.jpg,6222,387,296,0,2582,2225,362,17,193,1807,5334,287,0,3,188,547,20,49,367,1,197,1972,927,163,60,2063,2985,526,1,305,850,2170,0,0,0,0,2,15,40,27,16,159,527,249,2,448,406,1623,0,0,0,0,0,0,0,1,0,0,1,1,0,2,73,38
walktheplank1.jpg,5781,95,0,0,16,1616,6029,0,0,12,21241,9,0,0,0,0,380,39,0,0,89,441,24,0,0,14,537,137,0,0,0,6,0,0,0,0,0,114,9,0,0,28,62,33,0,0,0,15,0,0,0,0,0,0,0,0,0,0,1,3,0,0,0,5
wantedscoundrels.jpg,15825,2,0,0,0,0,0,0,0,0,0,0,0,0,0,0,6926,80,0,0,3289,2979,0,0,0,0,0,0,0,0,0,0,33,0,0,0,569,3257,13,0,0,1376,933,0,0,0,0,0,0,0,0,0,0,0,0,0,0,81,1063,4,0,0,217,89
watertrapweaver.jpg,22437,502,0,0,911,1557,0,0,0,4,0,0,0,0,0,0,947,532,0,0,518,5081,466,0,0,251,559,0,0,0,0,0,1,71,0,0,9,296,374,0,2,105,1614,125,0,0,61,81,0,0,0,0,0,1,22,1,0,4,41,41,0,0,4,118
wildgrowthwalker.jpg,20049,6,0,0,1332,446,0,0,0,29,0,0,0,0,0,0,872,0,0,0,1039,4402,57,0,0,1447,3071,40,0,0,265,3,0,0,0,0,8,167,0,0,0,95,2724,203,0,0,403,76,0,0,0,0,0,0,0,0,0,0,2,0,0,0,0,0
wilygoblin.jpg,7608,2328,0,0,1088,6451,326,0,1,287,184,0,0,0,0,0,934,300,0,0,45,3611,1611,0,2,2824,2476,129,0,12,25,0,544,62,0,0,55,421,94,0,0,73,2306,873,0,2,415,107,186,2,0,0,208,50,3,0,0,9,61,46,0,0,143,834
windstrider.jpg,8196,1236,0,0,482,3628,1466,0,0,17,399,41,0,0,0,0,27,4,0,0,343,1097,974,0,3,341,4580,1242,0,0,11,73,0,0,0,0,6,44,49,0,1,230,1887,1289,0,3,204,7266,0,0,0,0,0,0,0,0,0,10,94,8,0,0,157,1328
woodlandstream.jpg,16375,1001,0,0,572,2409,61,0,0,2,0,0,0,0,0,0,517,28,0,0,1234,4914,248,0,11,657,1275,0,0,0,0,0,6,0,0,0,59,339,13,0,47,1095,3028,56,0,0,338,268,0,0,0,0,3,9,0,0,0,32,115,6,0,1,311,1706
